FLAIR_ED_Intensity_Variance,FLAIR_ED_Histogram_Bins-16_Bins-16_Bin-2_Frequency,FLAIR_ED_Histogram_Bins-16_Bins-16_Bin-5_Probability,FLAIR_ED_Histogram_Bins-16_Bins-16_Bin-7_Probability,FLAIR_ED_Histogram_Bins-16_Bins-16_Bin-8_Probability,FLAIR_ED_Histogram_Bins-16_Bins-16_NinetyFifthPercentileMean,FLAIR_ED_GLSZM_Bins-16_Radius-1_SmallZoneEmphasis,FLAIR_ED_GLSZM_Bins-16_Radius-1_ZoneSizeNoneUniformityNormalized,T1_ED_Intensity_Maximum,T1_ED_Intensity_MedianAbsoluteDeviation,T1_ED_Histogram_Bins-16_Bins-16_Bin-1_Probability,T1_ED_Histogram_Bins-16_Bins-16_Bin-2_Frequency,T1_ED_Histogram_Bins-16_Bins-16_Bin-3_Frequency,T1_ED_Histogram_Bins-16_Bins-16_InterQuartileRange,T1_ED_Histogram_Bins-16_Bins-16_MedianAbsoluteDeviation,T1_ED_GLSZM_Bins-16_Radius-1_GreyLevelNonUniformity,T1_ED_GLSZM_Bins-16_Radius-1_LargeZoneHighGreyLevelEmphasis,T1_ED_NGTDM_Complexity,T1GD_ED_Intensity_MeanAbsoluteDeviation,T1GD_ED_Histogram_Bins-16_Bins-16_Bin-0_Frequency,T1GD_ED_Histogram_Bins-16_Bins-16_Bin-0_Probability,T1GD_ED_Histogram_Bins-16_Bins-16_Bin-15_Frequency,T1GD_ED_Histogram_Bins-16_Bins-16_Bin-15_Probability,T1GD_ED_Histogram_Bins-16_Bins-16_Bin-4_Probability,T1GD_ED_Histogram_Bins-16_Bins-16_CoefficientOfVariation,T1GD_ED_Histogram_Bins-16_Bins-16_Mode,T1GD_ED_Histogram_Bins-16_Bins-16_QuartileCoefficientOfVariation,T1GD_ED_GLCM_Bins-16_Radius-1_ClusterProminence,T1GD_ED_GLSZM_Bins-16_Radius-1_ZoneSizeEntropy,T2_ED_Intensity_MeanAbsoluteDeviation,T2_ED_Intensity_Mode,T2_ED_Intensity_Range,T2_ED_Histogram_Bins-16_Bins-16_Bin-8_Probability,T2_ED_Histogram_Bins-16_Bins-16_MedianAbsoluteDeviation,T2_ED_GLCM_Bins-16_Radius-1_Homogeneity,T2_ED_GLRLM_Bins-16_Radius-1_ShortRunEmphasis,T2_ED_GLSZM_Bins-16_Radius-1_GreyLevelNonUniformity
293.5762366,17,0.05918108141,0.2379944357,0.1775130035,157.3192857,0.5994111626,0.336592278,248,0.1030906012,0.0005745736059,31,89,2,-0.4573605903,87.06120219,18160670.92,1164.603972,-3.693962733e-13,5,0.0001512035805,2,6.04814322e-05,0.1076569493,0.191451698,6,0.09090909091,44.35300352,5.477788964,-7.965917215e-13,91,138,0.104602637,0.2880125801,0.7437435601,0.9498686402,56.95493934
856.1740386,98,0.2395278476,0.1449979404,0.1282368148,182.8219879,0.5446786374,0.2797838938,251,0.3983892274,0.000227269499,91,815,3,0.4461300266,154.8277391,23702711.56,965.9594861,-3.334010116e-12,25,0.0003551085922,3,4.261303106e-05,0.257894064,0.2876557715,3,0.1428571429,20.82991758,5.097732633,1.372883099e-12,70,183,0.04565276061,0.3953352935,0.7079494487,0.9896720745,126.3989156
438.7078354,654,0.1062622062,0.1467550897,0.1596813398,154.0184086,0.5334799531,0.2721076385,217,0.1415705394,0.001250474197,239,552,3,0.3248422857,142.5829888,29307580.88,1091.7802,-1.727034254e-14,49,0.0006884633218,3,4.215081562e-05,0.2042488022,0.234791068,5,0.2,84.03523172,5.360498228,4.956406213e-13,105,170,0.04994871651,-0.05081983336,0.6836392893,0.9879938838,111.4197531
914.4120672,26,0.07837892741,0.1866197183,0.1417930661,187.7864238,0.565558492,0.3007689721,236,2.504028982,3.385698808e-05,6,11,3,-0.1977925244,83.70473876,13222388.08,1204.456966,-7.115507172e-13,34,0.001151137595,2,6.771397616e-05,0.2029387866,0.4252521102,3,0.3333333333,205.6335863,5.468292212,-1.697367659e-12,95,203,0.1201584507,0.2116061755,0.704081414,0.9724041136,69.02268431
282.6002113,2,0.04866840153,0.2861967776,0.2563534688,156.9640387,0.5642201381,0.299664964,226,1.485133714,5.536791983e-05,1,2,2,0.4717346769,75.92966361,7229650.356,1351.064394,1.461532235e-13,30,0.001661037595,1,5.536791983e-05,0.4099440784,0.3062031422,4,0.1428571429,69.37672148,5.200861158,-6.297452025e-13,87,179,0.2546924312,0.06079397597,0.8053808596,0.923721456,54.93495935
443.6953712,26,0.05778984509,0.2242681515,0.250992337,166.9130576,0.5164160941,0.2546226891,223,-1.262914163,0.0008545123766,243,516,2,-0.07822922984,199.0081301,27760169.19,1187.609414,-5.087964279e-13,76,0.001047466784,1,1.378245769e-05,0.2890594851,0.2781939203,3,0.1428571429,23.760468,5.504014736,-8.044678362e-13,83,215,0.02443629748,0.04218810298,0.682336829,0.9931464608,141.9533742
692.6888718,122,0.100820823,0.1395399071,0.2163840588,179.5654843,0.5878250433,0.3226822818,235,1.390619937,0.0007020196566,48,128,3,0.6129981639,108.593973,12760088.39,1135.229122,1.633753314e-13,28,0.0007560211686,6,0.0001620045361,0.3108597041,0.3042036778,3,0.1428571429,41.78528458,5.192292445,8.989213593e-13,121,191,0.05794362242,0.121179393,0.6581597975,0.978324999,108.6950853
453.7112137,856,0.1148705096,0.1043233083,0.09690893901,136.9106754,0.5363219075,0.2717830737,221,0.9706558062,0.000208855472,27,173,4,0.2943817878,34.31840796,1691132.46,1034.925685,-2.005969882e-13,3,0.000313283208,3,0.000313283208,0.1700083542,0.3293666521,6,0.2727272727,386.4204114,5.550271972,-1.722324131e-13,90,140,0.0623433584,0.4933166249,0.4899623864,0.9987742102,43.26993865
857.2365391,782,0.07450323753,0.09363449326,0.1225985732,198.1673461,0.5485262749,0.2839400937,223,0.2964899312,0.0002761028528,279,1753,3,0.5225023825,259.68341,37844262.41,967.5365018,-3.622747169e-13,9,8.015889274e-05,4,3.562617455e-05,0.2136145426,0.2696705895,5,0.2,120.134745,5.56811404,-3.790066354e-12,148,154,0.1387639499,-0.6025811163,0.6691307347,0.9865692489,182.6014581
407.6292266,41,0.1340137127,0.2113050674,0.1902829222,199.6087613,0.5166229412,0.2517511111,232,1.39110647,0.0004334462921,179,838,3,0.3245527622,141.6060606,14519722.97,948.0322117,2.483867911e-12,2,3.940420837e-05,3,5.910631255e-05,0.05353061707,0.2599332871,7,0.1428571429,335.4263447,5.803652742,-2.4713112e-12,85,178,0.06087950193,0.6450271889,0.6733726278,0.9823974223,74.45551601
635.8239105,7,0.02443501774,0.09379573814,0.1379276128,170.7620397,0.5910770634,0.3254306368,204,1.40522438,0.000694599489,122,687,2,-0.1890054824,246.9073634,3748244.561,906.1170698,3.576428402e-13,13,0.0003224926199,1,2.480712461e-05,0.1152290938,0.4186085328,3,0.2,93.5617944,5.187255575,-1.368135399e-14,107,197,0.1082086775,-0.5176998834,0.6889547776,0.9901766617,161.386817
704.1810198,363,0.1280068466,0.152902161,0.1474615643,176.9012666,0.5853034943,0.3208092733,209,1.894733625,1.528257481e-05,20,55,2,0.290093835,191.1323928,21315792.66,1118.902487,-1.493154837e-12,60,0.0009169544885,4,6.113029923e-05,0.2296054039,0.3177724024,5,0.2,199.0964494,5.630327194,4.68755969e-12,111,150,0.08709539383,0.1015068619,0.6018486375,0.9945015311,140.9697352
929.3774777,2897,0.1281982426,0.1349863492,0.1357472139,194.8549645,0.5680611783,0.3022607548,201,3.670918558,0.00377448567,1359,5878,3,0.006803025556,151.7213823,12292616.94,775.2415357,-5.363771344e-13,3,4.475674708e-05,1,1.491891569e-05,0.2389264348,0.2518012799,5,0.2,88.03292009,5.422037723,7.017532027e-13,94,175,0.0929746826,-0.02667502126,0.60921456,0.9968415927,120.0027701
425.0015675,15,0.04599812412,0.1579451305,0.199331718,213.2764933,0.5655641571,0.2990830025,225,0.4921642958,0.002872440206,586,1728,3,-0.439073003,261.9704061,4794023.854,859.3869742,7.974314936e-13,8,0.0001563232765,2,3.908081913e-05,0.1950132875,0.2874949589,5,0.2,155.9619202,5.605229461,-1.097057102e-12,106,153,0.122186181,0.0974284821,0.6130825052,0.9979691279,138.9148566
1021.39247,1950,0.1174099628,0.09550228798,0.106479835,192.3218605,0.5426779648,0.2789937689,229,2.415534533,2.370960476e-05,5,16,3,0.7084429903,131.8825787,18753992.48,1189.392852,-1.570913171e-13,1,2.370960476e-05,4,9.483841904e-05,0.2655001541,0.2725259842,5,0.2,112.6989679,5.418600428,-5.438757615e-13,91,126,0.08919553311,0.7104820163,0.6024035895,0.9896609963,132.8605769
582.4621145,238,0.06185408687,0.1307364313,0.1513424153,142.4926609,0.5076380827,0.2463220382,229,0.102623401,0.002204235022,2377,6297,2,0.05631639806,257.5959154,29709773.88,819.3725516,-3.945007651e-12,216,0.00195129002,1,9.03375009e-06,0.05277516803,0.3538808666,2,0.2,17.48280337,5.07408906,-9.514658147e-12,112,164,0.1070138036,-0.2476783262,0.6128688554,0.9960097176,258.9154711
750.3541287,68,0.08173801459,0.1467345081,0.1704143601,187.2551385,0.5710752663,0.3060236226,209,-0.1715334457,0.0009698742148,338,713,3,0.2901565228,225.3202934,19972294.7,1079.499788,-8.765545856e-13,333,0.004968740208,1,1.492114177e-05,0.19093093,0.355140809,3,0.3333333333,94.09818291,5.30144936,1.793037137e-12,131,219,0.05823721631,0.3111804115,0.703586142,0.9808207473,146.2323944
1289.47006,1,0.007257144832,0.08034696064,0.1152503715,234.4372256,0.5505935503,0.2841515558,221,-0.2868645679,0.0,0,0,1,-0.4558178111,99.2796748,42404886.38,773.7674651,-6.351957891e-13,43,0.001485986799,4,0.0001382313301,0.5772194768,0.1960528621,4,0.1428571429,47.07579777,4.791872468,-4.166913135e-13,108,166,0.1196046584,0.1039154024,0.6705269558,0.9824251077,82.2833638
303.6379454,11,0.003917873438,0.08981352906,0.2635389804,153.2222222,0.5893565389,0.3245948753,151,0.423973418,0.0,0,0,2,0.2603154136,63.40875912,15345502.09,980.0571213,-2.89535241e-13,72,0.003570720095,4,0.0001983733386,0.4071612775,0.2286364468,4,0.1111111111,55.05140143,5.453979387,3.014866234e-13,86,168,0.2566951002,0.06129736163,0.7734035872,0.9340656733,59.4380531
813.8964316,171,0.03953435634,0.09079379478,0.1237936856,232.752513,0.5879067352,0.3229524618,220,2.260647903,0.0007979103149,1077,5076,3,0.5498777937,208.3617939,42864670.25,848.9237895,-4.647890628e-12,11,9.238961541e-05,3,2.519716784e-05,0.2435726224,0.2544873895,5,0.2,84.20244427,5.501683602,-4.813140497e-12,133,178,0.1248435676,-0.2149906351,0.7127383677,0.9922951094,90.45744681
385.4342798,449,0.2592296477,0.1129897004,0.06555989277,147.6083948,0.5876884608,0.3223469799,212,2.136692847,0.0001646051827,132,851,4,0.001599021775,153.8422235,6408954.473,985.7198129,5.548118048e-13,21,0.0004938155481,1,2.35150261e-05,0.2196303438,0.3683300382,3,0.25,104.8740617,5.509310919,3.104731906e-12,67,130,0.03416733293,0.5980341438,0.717930805,0.9884568116,112.8981818
154.4682448,0,0.0008298324776,0.004097297858,0.009802396141,157.024911,0.581118852,0.3197391324,197,4.369949691,0.0,0,4,2,0.2973912141,80.85407725,6473208.742,853.4357863,1.111397773e-12,1,5.186452985e-05,2,0.0001037290597,0.007935273067,0.159706002,7,0.07692307692,36.82631671,5.101513726,-4.980218763e-13,72,162,0.1227114776,-0.4164203101,0.7712413779,0.9016670876,53.29894737
273.0265981,8,0.0003393445802,0.02142718635,0.09084739189,161.1713437,0.5996630935,0.3367791292,217,0.8117413225,9.695559434e-06,0,2,2,0.1314330037,200.7370948,129513850.7,1151.231166,-6.829395214e-13,6,5.81733566e-05,4,3.878223774e-05,0.4023851076,0.1982057382,4,0.1111111111,30.29426888,5.112757936,3.180005424e-12,136,203,0.1356990498,0.07884428932,0.7335932818,0.9751357093,140.9405128
670.6152131,20,0.2308640526,0.122270486,0.07466541442,170.4389313,0.5674541288,0.3023481833,199,1.892169523,5.869922517e-05,1,39,2,0.4276825546,76.86350975,4117100.813,987.6872796,7.857006898e-13,4,0.0002347969007,3,0.0001760976755,0.1355952101,0.2286909629,5,0.09090909091,133.1469551,5.401481174,-8.552205147000001e-14,82,119,0.04930734914,1.119805119,0.6376470631,0.9970298779,51.88636364
1041.276422,28,0.02358459404,0.09824932285,0.10932153,212.0414747,0.5377367293,0.2739453354,255,2.31871573,0.0,0,9,2,0.3059787276,137.750197,82112360.76,984.8172553,-6.615630258e-13,214,0.002827508753,1,1.321265773e-05,0.4308911938,0.2463614019,4,0.25,49.05352345,5.696464559,-7.422412127e-12,148,224,0.120710841,-0.3905133118,0.7129439335,0.9647147205,93.78580482
363.6384747,2400,0.181139993,0.02789757936,0.0114232428,143.9239766,0.5698351925,0.3058602098,178,0.3283988033,0.0001165637021,22,56,3,0.504176866,176.8751983,2558602.502,1123.384095,-3.849028524e-14,2,7.770913471e-05,2,7.770913471e-05,0.4171037805,0.2185594561,4,0.1111111111,26.18233518,5.106838906,1.061355439e-13,78,189,0.004157438707,0.4485759801,0.7425446648,0.9703759271,110.7878427
1002.713119,25,0.006937901499,0.06022191941,0.08767763286,225.4685454,0.5427862488,0.2803538056,201,0.7365933424,0.0,1,3,2,0.4960794238,264.2828194,139727264.4,1178.626681,-3.03185025e-12,161,0.00125364999,1,7.786645902e-06,0.3344831614,0.2183859514,3,0.1428571429,12.52613608,4.980206585,-1.180446266e-12,149,215,0.1233794043,-0.6374927,0.7173416043,0.9742804418,209.5519481
453.5167833,622,0.2400311144,0.106730533,0.06120527307,180.8655319,0.5734639039,0.3098735276,213,1.078236306,0.0004912797838,21,164,3,0.563579792,133.1658327,1615838.902,987.1574631,-1.671573167e-13,3,0.000122819946,1,4.093998199e-05,0.3627691804,0.2661630662,3,0.1428571429,20.88312381,5.021360522,-7.512100061e-15,100,134,0.1140178498,0.2829362155,0.6590425946,0.9956244702,70.41252006
486.4983483,823,0.2170471643,0.09936547393,0.03695950808,164.8122449,0.5124829157,0.2494028298,219,1.253221692,0.002943677635,99,319,4,-0.08353502976,111.4732577,324387.2123,974.5198076,8.144445629000001e-14,8,0.0005233204684,5,0.0003270752927,0.1611172892,0.2862564346,5,0.09090909091,195.8641428,5.732921675,-5.020251457e-13,84,180,0.01406423759,0.6370772552,0.6748267211,0.996152054,73.14414414
910.7979696,0,0.001166929226,0.03821693214,0.07981795904,231.0186047,0.4842781454,0.2296409037,246,0.6282163487,0.0,0,0,2,-0.132679853,128.14565,18216307.24,919.7348222,2.683130261e-12,1,2.917323064e-05,1,2.917323064e-05,0.0408425229,0.2168909082,6,0.07692307692,150.0962566,5.412086679,5.047557292e-12,64,194,0.1050819768,-0.1376101289,0.6731011277,0.9826959244,103.6785714
673.5128807,25,0.02419393659,0.1109859535,0.125186533,196.2312012,0.5288026223,0.2654616579,209,-0.2226554602,3.851004631e-05,8,39,2,-0.2025532161,217.135412,66738995.64,1203.761495,-8.606373211e-13,37,0.0003562179284,3,2.888253473e-05,0.3381374616,0.3187611602,4,0.25,89.90892473,5.455941157,1.835533231e-12,121,202,0.1478400678,0.1099172997,0.703598094,0.9854378242,206.2573099
1593.156962,670,0.09031897034,0.08841634024,0.08628987129,228.2440605,0.5266841396,0.2667770712,203,0.1681029659,0.000223838836,43,138,3,0.2775601567,53.18211382,1019447.533,1049.212535,-2.093059295e-15,3,0.0003357582541,1,0.000111919418,0.2904308898,0.3215097331,3,0.1428571429,63.50984657,4.845744569,9.780948792e-13,81,161,0.04118634583,0.5519865697,0.6137880775,0.9637353904,29.74637681
870.5083188,741,0.1276877084,0.09261814419,0.06749453835,172.5307692,0.5646947775,0.295898095,219,2.827929171,0.01402782569,1050,2127,3,0.6226859837,84.70561798,735175.909,725.3543905,-1.389516688e-13,32,0.001839714844,1,5.749108888e-05,0.2071978843,0.4274993207,4,0.25,268.9476416,5.617392946,5.824563169e-13,83,115,0.06760952052,0.4981602852,0.5381919001,0.9964982107,71.10084034
343.3648592,75,0.219905919,0.2351348607,0.1350637923,163.0921053,0.5542239473,0.2899033291,203,2.075400183,0.001928999289,269,1008,3,-0.07871670784,161.4592208,2297671.122,865.9298416,6.082177527e-13,16,0.0005414734847,4,0.0001353683712,0.2486378558,0.2254039752,5,0.1111111111,57.29330422,5.303708588,6.048132841e-13,87,142,0.003824156486,0.09617922772,0.7374276284,0.9808577293,99.71325301
728.116314,55,0.03816898585,0.1015940668,0.1038306133,238.5357873,0.5774565787,0.3121349982,231,1.550401418,0.005517517855,1411,4210,3,0.3948348437,124.8137931,40401894.64,831.4421332,-2.058829604e-12,20,0.0002109949467,81,0.000854529534,0.05685258838,0.3114398986,7,0.2,859.9512279,5.999952768,-2.794813921e-12,124,169,0.1240650286,0.0702085685,0.6104759153,0.9965071647,154.0244275
664.4721884,203,0.02871624787,0.04775423014,0.06421571383,192.0755041,0.5395434466,0.2753025168,214,0.6498585268,0.005480915172,4486,9650,3,-0.1838776772,218.8262256,26462293.39,781.6681142,2.266047496e-12,38,0.0003560252591,1,9.369085765e-06,0.2002079937,0.3088522853,3,0.2,21.7177655,5.17533923,5.308863981e-12,136,155,0.1648771713,0.007926246557,0.6815535725,0.9878665868,125.5926558
238.6961205,82,0.3009448143,0.1578269272,0.06715696801,120.2619048,0.5556116155,0.2945882931,219,1.348722353,0.000536826283,44,146,2,-0.23223105,82.94407159,3774673.826,1018.593964,2.042829437e-13,19,0.001019969938,1,5.36826283e-05,0.1797294396,0.3215163487,3,0.2,49.76368203,5.208278829,-2.726839345e-13,80,195,0.04928065278,0.4572149452,0.7045286965,0.97583851,65.39625585
339.0707907,51,0.1265984308,0.2196942959,0.1912686993,154.7013601,0.5843339153,0.3200961163,196,2.62821383,5.429913393e-05,10,99,3,0.6678521978,106.3595004,10284656.17,994.8598169,-4.430541551e-13,29,0.000787337442,1,2.714956696e-05,0.2316944045,0.3387704045,3,0.3333333333,36.28242956,4.971021125,-3.11879127e-12,103,124,0.1249423072,0.2138299894,0.7026004738,0.9828464061,74.58064516
553.8858955,2880,0.1200805369,0.1930201342,0.1246442953,183.2616562,0.5655692699,0.3025141704,242,3.145798658,0.0001342281879,56,1181,2,0.232966443,91.15,10497502.59,853.9561294,1.610358796e-13,32,0.0008590604027,5,0.0001342281879,0.3355436242,0.3419363044,4,0.25,152.8569655,5.641112732,1.707844115e-12,124,150,0.1322147651,-0.1427919463,0.6161456678,0.9786677686,44.826742
367.37206,1225,0.1235543844,0.03601229688,0.020787586,173.6521739,0.5507359904,0.2838841105,222,-2.500365979,0.001463914507,18,40,2,-0.3198653199,55.54545455,775855.9125,1634.568899,9.042543061000001e-14,9,0.001317523057,1,0.0001463914507,0.08739569609,0.2214613157,6,0.09090909091,115.0587049,5.214186536,4.521968447e-13,56,164,0.00790513834,0.7119016249,0.8334946562,0.892853118,33.02090592
760.9310007,1190,0.1048241405,0.1553237735,0.1770027663,190.7851687,0.5290557401,0.2667471035,228,1.728179868,0.0006492406707,342,2443,3,-0.3030542539,150.0594775,19193482.08,871.8597499,2.065343311e-12,16,0.000225822842,2,2.822785525e-05,0.2633658895,0.310217734,4,0.2,133.1679911,5.694324229,6.859891579e-12,122,172,0.144300796,-0.620123638,0.6868208236,0.99449142,109.8463158
