T1_ET_Intensity_MeanAbsoluteDeviation,T1_ET_Intensity_Variance,T1_ET_Histogram_Bins-16_Bins-16_Bin-0_Frequency,T1_ET_Histogram_Bins-16_Bins-16_Bin-5_Probability,T1_ET_Histogram_Bins-16_Bins-16_Bin-7_Probability,T1_ET_Histogram_Bins-16_Bins-16_InterQuartileRange,T1_ET_Histogram_Bins-16_Bins-16_MedianAbsoluteDeviation,T1_ET_Morphologic_Flatness,T1_ET_Morphologic_Roundness,T1_ET_GLCM_Bins-16_Radius-1_AutoCorrelation,T1_ET_NGTDM_Complexity,T1GD_ET_Intensity_Mode,T1GD_ET_Histogram_Bins-16_Bins-16_Bin-11_Probability,T1GD_ET_Histogram_Bins-16_Bins-16_Bin-1_Frequency,T1GD_ET_Morphologic_Flatness,T1GD_ET_Morphologic_Roundness,T1GD_ET_GLRLM_Bins-16_Radius-1_ShortRunEmphasis,T1GD_ET_GLSZM_Bins-16_Radius-1_LowGreyLevelEmphasis,T1GD_ET_GLSZM_Bins-16_Radius-1_SmallZoneLowGreyLevelEmphasis,T1GD_ET_GLSZM_Bins-16_Radius-1_ZoneSizeEntropy,T1GD_ET_GLSZM_Bins-16_Radius-1_ZoneSizeNoneUniformityNormalized,T2_ET_Intensity_StandardDeviation,T2_ET_Histogram_Bins-16_Bins-16_Bin-15_Frequency,T2_ET_Histogram_Bins-16_Bins-16_Bin-2_Probability,T2_ET_Histogram_Bins-16_Bins-16_Bin-4_Frequency,T2_ET_Histogram_Bins-16_Bins-16_MedianAbsoluteDeviation,T2_ET_Histogram_Bins-16_Bins-16_NinetyFifthPercentile,T2_ET_Histogram_Bins-16_Bins-16_NinetyFifthPercentileMean,T2_ET_Histogram_Bins-16_Bins-16_SeventyFifthPercentile,T2_ET_Morphologic_Flatness,T2_ET_Morphologic_Roundness,T2_ET_GLRLM_Bins-16_Radius-1_ShortRunEmphasis,T2_ET_GLSZM_Bins-16_Radius-1_GreyLevelNonUniformity,T2_ET_GLSZM_Bins-16_Radius-1_GreyLevelNonUniformityNormalized,T2_ET_GLSZM_Bins-16_Radius-1_GreyLevelVariance,T2_ET_GLSZM_Bins-16_Radius-1_SmallZoneEmphasis,T2_ET_GLSZM_Bins-16_Radius-1_ZoneSizeNonUniformity
3.9046439370000004e-14,230.8865597,1,0.0,0.05172413793,2,0.2319749216,1.259603625,0.6911571892,6887.381481,772.3096952,89,0.004702194357,47,1.259603625,0.6911571892,0.9582754986,0.07734489534,0.05059784831,5.290061975,0.3457763236,11.41658044,7,0.001567398119,5,-0.2539184953,117.0866678,125.1403509,9,1.259603625,0.6911571892,0.9013016336,11.46969697,0.08689164371,10.61587466,0.5003286935,31.74242424
6.722369721e-13,659.8461572,17,0.1043973035,0.204310718,3,0.2115467871,1.155586997,0.2138573669,14126.70936,901.929718,87,0.007668996227,418,1.155586997,0.2138573669,0.9983844301,0.07556590816,0.04807641595,5.927924508,0.2876551,19.31069648,2,0.007328839137,1168,0.1199826829,133.0142843,148.2030238,7,1.155586997,0.2138573669,0.9800912865,99.96188341,0.1120648917,7.58352772,0.4782524882,197.6457399
-2.323575623e-12,209.2500589,11,0.152375583,0.1783096715,3,-0.3033160781,1.135022478,0.2134372285,12085.54123,854.8356331,81,0.003331454052,585,1.135022478,0.2134372285,0.9957212548,0.09083968475,0.06036123132,5.791147269,0.3050085605,23.99659882,73,0.01337706935,1829,-0.3580031777,163.192498,179.7438895,8,1.135022478,0.2134372285,0.9909155959,102.7217706,0.09279292733,9.398917458,0.4843129621,249.166215
7.951734863e-13,182.3789618,27,0.0001674013727,0.001171809609,2,-0.1011104291,1.257234742,0.3110981452,8553.103142,1522.721718,115,0.03264326767,1,1.257234742,0.3110981452,0.9903804672,0.02739232719,0.01622779675,5.57075023,0.3041726286,17.31634783,5,0.001171809609,74,-0.2026672619,140.6266855,153.0621039,8,1.257234742,0.3110981452,0.9338125909,47.64224138,0.1026772444,9.546665985,0.4710850516,100.5431034
-4.883917121e-13,397.2796186,2,0.02625954198,0.2549007634,2,0.03914503817,1.606974155,0.4228868286,6659.948666,1070.332619,98,0.01160305344,287,1.606974155,0.4228868286,0.9934131082,0.06609078958,0.04217751585,6.039964992,0.2936480596,21.8535051,30,0.002625954198,527,0.1207328244,136.5895246,152.2607656,8,1.606974155,0.4228868286,0.9553642218,39.9561753,0.0795939747,13.18442961,0.4669588118,107.6334661
-4.033780992e-13,241.8171207,3,0.02608337528,0.1608932412,3,0.5600604036,1.244148673,0.4119119667,12275.92057,1142.511208,113,0.006177641514,114,1.244148673,0.4119119667,0.9987132854,0.05765543202,0.03559490893,5.936172007,0.2947666747,25.81543325,10,0.005216675056,2018,0.4337619549,154.6433624,170.0009425,7,1.244148673,0.4119119667,0.9841442266,48.07578558,0.08886466836,11.51680499,0.4742326519,118.0609982
-2.854674809e-13,432.7690282,7,0.2047701434,0.1191300049,3,0.8116040534,1.301451708,0.3910237824,9381.550649,874.3926836,104,0.01977261493,74,1.301451708,0.3910237824,0.9955493336,0.05208430031,0.03194448126,5.786403962,0.3114122313,24.23699684,6,0.009948096886,881,-0.5559194266,155.7273646,164.8509615,9,1.301451708,0.3910237824,0.9661201204,47.48648649,0.08556123691,12.52299002,0.5081765425,136.0918919
1.800607238e-13,313.8733762,32,0.1553551846,0.1007676374,3,0.5829170221,1.388128731,0.754148494,8047.716096,720.2048021,86,0.08955769465,126,1.388128731,0.754148494,0.9894306672,0.05858274071,0.0369740544,5.821291481,0.3166434398,28.20156898,37,0.01084440112,329,-0.6501766784,196.5736976,199.7120743,12,1.388128731,0.754148494,0.9619222865,34.29568106,0.1139391397,8.2870167,0.4680032475,65.17940199
-3.709865822e-13,334.3202723,3,0.01729623416,0.06588766125,3,-0.1258749349,1.096024558,0.3466006642,20660.79027,1392.576852,170,0.07919245676,174,1.096024558,0.3466006642,0.9982505276,0.04268592893,0.02614357423,6.181370549,0.2835766823,17.16743752,7,0.00404928559,566,0.09990166021,162.242295,174.1838046,8,1.096024558,0.3466006642,0.9762918598,52.88111888,0.09244950853,11.66446709,0.5203675223,145.8286713
1.586878777e-13,1307.160722,38,0.07571947471,0.09499860296,4,0.9913383627,1.217610693,0.6106423985,6860.301859,625.3503335,78,0.01089689858,213,1.217610693,0.6106423985,0.9803360561,0.1018023314,0.061579391,5.841065966,0.2516528515,28.24556261,3,0.09178541492,841,0.4075160659,164.5259032,178.6179775,7,1.217610693,0.6106423985,0.9407620922,22.85,0.08160714286,11.61918367,0.4385430259,54.69285714
-3.818650845e-12,176.1394796,6,0.03889300717,0.233135656,2,-0.1823820114,1.254552153,0.2453610724,7419.754134,1055.109547,116,0.007981220657,403,1.254552153,0.2453610724,0.9993699388,0.07235427114,0.04987716349,5.803018037,0.3170179259,17.79237849,1,0.007388188782,5237,-0.4221398567,130.32099,144.1008919,6,1.254552153,0.2453610724,0.9710097359,125.0253378,0.1055957245,7.469006089,0.5539824495,342.3834459
8.235609295000001e-14,243.131544,7,0.1051023526,0.1780222019,3,0.5435380385,1.284919298,0.451359837,14890.68812,930.3379742,90,0.05815256136,49,1.284919298,0.451359837,0.9942177034,0.04441746856,0.02733307571,6.206120577,0.2643749835,22.68277999,18,0.01904470924,542,0.1784295753,165.7633976,175.6752475,9,1.284919298,0.451359837,0.9641109186,25.04790419,0.07499372512,16.83082936,0.5071468301,81.38323353
1.905735727e-12,159.5462276,2,0.005656201328,0.07750635298,3,-0.3081809984,1.367222167,0.4300828602,15812.67882,1395.882501,93,0.04488072793,169,1.367222167,0.4300828602,0.9981837632,0.05145838445,0.03033822078,6.216188268,0.2663877377,21.03085539,24,0.002377244036,369,0.1482498565,147.0000195,157.6035329,9,1.367222167,0.4300828602,0.9773031097,49.7904,0.07966464,12.71830016,0.5120136517,156.1584
-5.544855433e-13,254.9718839,2,0.06958681596,0.2397098249,3,0.5236950008,1.156198602,0.1990100744,8014.794013,1004.719918,105,0.01466645639,280,1.156198602,0.1990100744,0.9968045648,0.05998489098,0.03712583123,6.144932274,0.2880543019,23.14067458,6,0.03071282132,3967,-0.2186169374,157.8117297,169.268901,7,1.156198602,0.1990100744,0.9832103875,115.9563253,0.08731651002,10.26715541,0.4768130339,292.0527108
5.0500890020000006e-14,327.1692456,5,0.01696594427,0.08594427245,3,-0.6508978328,1.111835871,0.4746039252,15043.60905,1289.240872,118,0.02340557276,10,1.111835871,0.4746039252,0.988049321,0.04363534357,0.02555731532,5.785740616,0.2962143296,16.98403307,7,0.0007430340557,62,-0.4193188854,145.8796625,155.3710526,10,1.111835871,0.4746039252,0.9401663268,26.18021201,0.09250958309,9.875014047,0.4547629741,57.79151943
3.45431349e-12,567.8566516,28,0.1483141688,0.1528802517,3,0.4558008742,1.077038163,0.3100563307,14919.09121,788.9252251,101,0.05106217112,421,1.077038163,0.3100563307,0.9995477116,0.04860218967,0.02910412114,6.299675556,0.278215191,26.27851686,14,0.008074171005,3215,0.4016760865,168.7215287,182.3179458,7,1.077038163,0.3100563307,0.9848682822,82.90515464,0.08546923159,10.38592943,0.51225565,241.1814433
1.376853178e-12,335.0328795,1,0.002773009375,0.02469298825,3,0.415291166,1.220303298,0.243589163,14591.16695,1171.980121,85,0.05519609138,0,1.220303298,0.243589163,0.9882984734,0.02325791871,0.01421835375,5.881232829,0.2958154596,24.72710346,28,0.00455565826,204,0.3521061666,153.051876,160.5714286,11,1.220303298,0.243589163,0.9656618633,71.25154131,0.08785640112,10.81363679,0.5152198997,206.5388409
3.315442463e-13,308.2948977,3,9.125752875e-05,0.01377988684,1,-0.5295674393,1.180327695,0.3403569553,9155.520297,882.0935054,100,0.08185800329,0,1.180327695,0.3403569553,0.9918763881,0.02284738246,0.01467032276,5.69837846,0.2887940745,18.44325719,11,0.0001825150575,12,0.05977368133,136.6429004,150.9254302,9,1.180327695,0.3403569553,0.9456357843,48.0990099,0.1190569552,7.606460151,0.5102721381,100.1435644
6.166974688e-15,27.09110512,1,0.08490566038,0.141509434,4,0.03773584906,1.205608461,0.7775536107,7849.283456,700.8588493,72,0.05660377358,5,1.205608461,0.7775536107,0.9383155066,0.08417574261,0.06747561881,4.968209841,0.3314346743,7.035048951,4,0.01886792453,5,-0.05660377358,89.57660259,91.2,12,1.205608461,0.7775536107,0.8523234538,2.722222222,0.07561728395,17.38580247,0.4649759508,8.222222222
-1.665230875e-15,317.7855197,5,0.1428571429,0.1454248366,3,0.6690009337,1.346716787,0.4156940129,14027.18363,810.6511156,62,0.005135387488,525,1.346716787,0.4156940129,0.9761217456,0.1094694544,0.07303547364,5.973594725,0.2873661439,11.56933881,3,0.03034547152,586,-0.1514939309,142.1649743,149.9950249,7,1.346716787,0.4156940129,0.9759015215,37.12048193,0.0894469444,10.08231093,0.4697284696,89.19277108
4.303619161e-12,355.1035726,8,0.08121246783,0.2226035014,3,0.59276205,1.274049541,0.3541727826,12419.57732,955.7335052,75,0.008388142217,239,1.274049541,0.3541727826,0.9944569231,0.07207450546,0.04613977002,5.948007633,0.3005653277,23.97986927,14,0.01528294093,4905,0.03186858577,147.1025955,160.0449583,7,1.274049541,0.3541727826,0.971038722,60.23433243,0.08206312319,12.97015532,0.5325258797,197.1961853
-5.101332462e-15,72.11156153,3,0.1487179487,0.1256410256,5,0.4948717949,1.35966414,0.5823586068,20915.72332,853.6072778,81,0.01282051282,30,1.35966414,0.5823586068,0.9689497594,0.1017037537,0.06347220038,5.335121349,0.3314489231,3.900912481,1,0.02564102564,24,-0.3512820513,85.10517811,87.64705882,8,1.35966414,0.5823586068,0.9346275708,10.0,0.08771929825,10.44105879,0.5948832658,37.64912281
6.92950866e-14,118.1265089,7,0.2097356469,0.1447536974,2,-0.2112495633,1.150569212,0.3842978209,4581.102875,809.6695326,108,0.05275416327,50,1.150569212,0.3842978209,0.998030762,0.04234254743,0.02600097056,5.831283703,0.3065105796,21.70868468,5,0.01106323512,402,0.6551764295,151.3403226,156.9168831,10,1.150569212,0.3842978209,0.972869122,42.0078125,0.08204650879,11.20996094,0.5040292512,125.2109375
-1.93293739e-13,307.4492969,20,0.1136634337,0.1340820146,4,-0.2548919517,1.072692829,0.4718052955,19266.36894,756.8311685,71,0.0711247235,48,1.072692829,0.4718052955,0.9789711998,0.03996412175,0.02576345241,5.910129861,0.3009365482,18.83065403,12,0.01684532925,654,-0.3413306109,145.3119503,155.2222222,8,1.072692829,0.4718052955,0.9380101679,19.1637931,0.08260255648,16.57282996,0.4805892507,51.87068966
1.260505116e-13,220.3762024,4,0.1413290113,0.1875202593,2,0.07115072934,1.194201284,0.4691477039,10881.51267,890.8465042,109,0.02431118314,146,1.194201284,0.4691477039,0.9787124068,0.09031791423,0.05855604158,5.792906433,0.3027693016,19.13175499,2,0.001944894652,53,0.5150729335,151.0995845,161.6996337,9,1.194201284,0.4691477039,0.8976610715,15.2739726,0.1046162507,11.32712516,0.4624108983,30.35616438
3.6052820050000004e-14,288.0298023,20,0.0862322391,0.1611954924,4,-0.2616364527,1.122931765,0.3810477147,16485.14699,786.9549082,67,0.04605585497,29,1.122931765,0.3810477147,0.9855016387,0.05104538993,0.03271143698,5.86782978,0.2935074806,38.2801704,20,0.0617344439,265,0.2724154826,200.3829782,214.1862745,9,1.122931765,0.3810477147,0.9673368536,23.96,0.07372307692,13.53423905,0.4882666616,75.00615385
-1.987247169e-13,443.1893269,1,0.0,0.008214676889,2,-0.02278203724,1.061190171,0.3289460261,15866.5627,778.4515994,89,0.02475355969,1,1.061190171,0.3289460261,0.9787545799,0.03151330452,0.01909258281,5.767287166,0.28365,13.95627097,5,0.0,1,0.1102957284,137.8196101,144.539823,11,1.061190171,0.3289460261,0.9285085601,25.32460733,0.1325895672,6.03530605,0.508708291,46.69633508
1.907047086e-13,260.1680783,6,0.04364368845,0.2408236347,2,-0.01857654432,1.102186176,0.3546712882,10097.93457,1026.752572,67,0.01410026858,136,1.102186176,0.3546712882,0.9753438742,0.06374541299,0.04165724347,5.867836877,0.3070544783,22.45702355,8,0.00290957923,50,0.6976275739,164.813242,182.202765,9,1.102186176,0.3546712882,0.911341877,19.63461538,0.09439718935,10.3931213,0.4468919503,41.0
5.285548665e-13,345.5367403,3,0.07965600317,0.2013052362,3,-0.0010063737,1.250059716,0.3318172598,13560.02022,1025.539441,118,0.01131408008,160,1.250059716,0.3318172598,0.9995425517,0.05512705171,0.03229365586,6.113318172,0.2600198786,24.82167809,2,0.07614894331,7101,-0.2801378427,146.4945209,164.8019108,6,1.250059716,0.3318172598,0.9897850031,67.4150454,0.08743845058,11.29862509,0.4388740179,144.4163424
-1.071749687e-12,371.3463262,2,0.0854281768,0.2072513812,3,0.5535911602,1.143688743,0.6015914706,9751.882159,986.7747637,84,0.009461325967,190,1.143688743,0.6015914706,0.9761810761,0.08722836727,0.05588131581,5.80809287,0.3026700082,15.65209114,4,0.03694751381,1293,0.2772790055,108.936684,122.2816327,6,1.143688743,0.6015914706,0.8974867313,45.69689737,0.1090618076,8.78915021,0.513389256,105.5918854
-9.614697666e-13,195.7430531,2,0.1213430347,0.1481734122,3,0.3847961194,1.20148604,0.3827656166,17334.20957,937.4028297,67,0.03008943459,703,1.20148604,0.3827656166,0.9906114207,0.07193135753,0.04097881996,6.216511685,0.2460040047,18.32817575,2,0.008943459148,1028,0.5395634379,148.0271158,156.7019749,8,1.20148604,0.3827656166,0.9735971651,43.29032258,0.09974728705,9.282698719,0.4859459314,100.8801843
-8.74611267e-14,184.192084,6,0.02916747151,0.1122271586,2,-0.1168630481,1.273033503,0.5180809847,18374.34452,1154.183776,74,0.06277767047,30,1.273033503,0.5180809847,0.9783543878,0.043890151,0.02797093498,5.876297161,0.2984457619,23.79479776,12,0.06065288777,1368,0.9644581804,155.6843036,175.8084291,6,1.273033503,0.5180809847,0.946010684,17.25550661,0.07601544761,15.2332473,0.5437950871,63.13215859
9.512294828000001e-14,363.4227187,2,0.153329539,0.17535572,3,-0.3004553216,1.221466686,0.3296314625,10518.43755,869.1917595,80,0.004610130905,144,1.221466686,0.3296314625,0.9967147799,0.05818116916,0.03549791075,5.74776238,0.3081067329,23.83475085,1,0.068696642,4217,0.6459305635,145.317098,163.0220049,6,1.221466686,0.3296314625,0.9834899802,55.56946827,0.09531641212,11.92591111,0.5244574959,150.2830189
1.156156121e-13,397.4008782,13,0.1938377535,0.09555382215,3,0.3989859594,1.158480536,0.2665679228,7417.944096,679.5620828,70,0.009750390016,88,1.158480536,0.2665679228,0.9794223768,0.07663268665,0.05212797495,5.763617092,0.3063969485,20.07116959,9,0.007800312012,141,-0.1361154446,128.0617702,136.1351351,10,1.158480536,0.2665679228,0.9828566931,45.05349794,0.09270267066,9.078261275,0.5166252224,122.6748971
-1.438779297e-12,331.6944243,19,0.135216079,0.3060670582,1,-0.4673717214,1.386043469,0.2376144297,4612.227055,909.8232333,93,0.0321252252,448,1.386043469,0.2376144297,0.9991384487,0.05085905949,0.03204696411,6.193249133,0.2931095085,29.94329733,12,0.002526966003,482,-0.3740845598,183.5863153,193.1426299,10,1.386043469,0.2376144297,0.9753550033,62.40392157,0.08157375368,11.66273826,0.4167044888,137.6535948
1.017354995e-13,178.0324752,7,0.04914766438,0.1642683197,2,0.1935798096,1.331872413,0.3101373137,13018.4566,1064.502393,80,0.004383440337,468,1.331872413,0.3101373137,0.9960511348,0.1120546603,0.08144882538,5.536364999,0.3352531452,22.33079128,88,0.006641576267,928,0.2474208545,162.8748963,168.7235622,10,1.331872413,0.3101373137,0.9841401721,41.37121212,0.07835456841,13.38317479,0.511115943,130.9886364
-3.519687319e-13,806.9629875,3,0.3010409152,0.147170978,2,0.1954034835,1.177883487,0.4584569298,4857.602527,842.1709833,87,0.005256106359,38,1.177883487,0.4584569298,0.9574814254,0.05919878975,0.03633728175,5.887791509,0.2746957459,22.62200577,12,0.02957848088,935,-0.05451922086,128.3535469,150.8669528,7,1.177883487,0.4584569298,0.929829375,42.08453608,0.08677223935,10.97623127,0.4927637527,113.4412371
-3.008815401e-13,255.7394237,4,0.1421498163,0.2058776553,3,-0.2659319598,1.382439868,0.315851029,7859.929924,879.7466943,76,0.009583133685,12,1.382439868,0.315851029,0.986071054,0.04453803019,0.02846748695,5.719061787,0.2871751403,19.94473357,5,0.07538731832,616,-0.3234307619,135.4548345,143.8,7,1.382439868,0.315851029,0.9748455624,27.46418338,0.07869393519,13.52189227,0.5032632075,84.84527221
-9.846386606e-16,157.3852591,5,0.1057041573,0.2579761521,2,-0.1405091847,1.405033416,0.7580011878,8213.947688,901.5811788,137,0.08572349339,111,1.405033416,0.7580011878,0.9919142522,0.05444937836,0.03217750185,6.075525496,0.2557825361,17.65923866,5,0.01772478247,563,-0.1318079278,154.8449373,161.192053,9,1.405033416,0.7580011878,0.963575763,18.35746606,0.0830654573,12.24508098,0.4727691473,48.19457014
1.099654226e-12,449.9845044,2,0.04845214883,0.2063623494,2,0.1332033441,1.407659041,0.3101628863,10481.81905,1080.437917,78,0.003739416117,1216,1.407659041,0.3101628863,0.993034755,0.09999400974,0.06501653781,5.980097344,0.2979182029,23.0359999,6,0.07868799915,5743,0.3961110072,130.9606749,140.3752643,7,1.407659041,0.3101628863,0.9749970819,67.44957473,0.08195574086,12.33367241,0.5600591663,241.126367
9.6954993e-14,114.6686923,2,0.08510638298,0.2603917148,2,0.2298858673,1.082999787,0.478876177,8440.167974,961.4808616,121,0.03987600395,139,1.082999787,0.478876177,0.9948060534,0.04878430844,0.02959390191,6.145457725,0.2739824649,15.84459585,25,0.002888544455,207,-0.06199802734,145.3349787,149.666087,11,1.082999787,0.478876177,0.9736681316,34.36585366,0.08381915526,12.77756692,0.4811622053,90.50731707
