FLAIR_NC_Intensity_MedianAbsoluteDeviation,FLAIR_NC_Intensity_Mode,FLAIR_NC_Histogram_Bins-16_Bins-16_Bin-2_Frequency,FLAIR_NC_Histogram_Bins-16_Bins-16_Mode,FLAIR_NC_GLCM_Bins-16_Radius-1_Contrast,FLAIR_NC_NGTDM_Complexity,T1_NC_Intensity_MeanAbsoluteDeviation,T1_NC_Intensity_Range,T1_NC_Histogram_Bins-16_Bins-16_Bin-0_Frequency,T1_NC_Histogram_Bins-16_Bins-16_Bin-15_Frequency,T1_NC_Histogram_Bins-16_Bins-16_Kurtosis,T1_NC_Histogram_Bins-16_Bins-16_MeanAbsoluteDeviation,T1_NC_Histogram_Bins-16_Bins-16_MedianAbsoluteDeviation,T1_NC_GLSZM_Bins-16_Radius-1_ZoneSizeMean,T1_NC_GLSZM_Bins-16_Radius-1_ZoneSizeNoneUniformityNormalized,T1_NC_NGTDM_Complexity,T1GD_NC_Histogram_Bins-16_Bins-16_Bin-10_Frequency,T1GD_NC_Histogram_Bins-16_Bins-16_Bin-15_Probability,T1GD_NC_Histogram_Bins-16_Bins-16_Bin-1_Frequency,T1GD_NC_Histogram_Bins-16_Bins-16_Bin-1_Probability,T1GD_NC_Histogram_Bins-16_Bins-16_Bin-5_Probability,T1GD_NC_Histogram_Bins-16_Bins-16_MedianAbsoluteDeviation,T1GD_NC_Histogram_Bins-16_Bins-16_NinetyFifthPercentileMean,T1GD_NC_GLCM_Bins-16_Radius-1_Contrast,T1GD_NC_GLSZM_Bins-16_Radius-1_SmallZoneEmphasis,T1GD_NC_GLSZM_Bins-16_Radius-1_SmallZoneHighGreyLevelEmphasis,T1GD_NC_GLSZM_Bins-16_Radius-1_ZoneSizeNoneUniformityNormalized,T2_NC_Intensity_Maximum,T2_NC_Intensity_NinetiethPercentile,T2_NC_Intensity_RootMeanSquare,T2_NC_Histogram_Bins-16_Bins-16_Bin-10_Probability,T2_NC_Histogram_Bins-16_Bins-16_InterQuartileRange,T2_NC_Histogram_Bins-16_Bins-16_MeanAbsoluteDeviation,T2_NC_Histogram_Bins-16_Bins-16_QuartileCoefficientOfVariation,T2_NC_GLSZM_Bins-16_Radius-1_SmallZoneEmphasis
-0.1304347826,128,2,9,9.433808554,864.298234,1.2851555570000001e-14,83,1,2,2.534396333,2.16252137e-15,-0.8173913043,2.3,0.376,942.4886144,21,0.008695652174,1,0.008695652174,0.07826086957,-0.2782608696,85.2,13.98778004,0.7125607639,63.52686632,0.4711914062,166,141,112.4401677,0.02608695652,4,4.726653851e-15,0.5,0.5582087349
-2.562291716,146,282,9,1.852014798,1062.607917,8.712081037e-13,178,14,4,3.762264047,5.6407147970000003e-14,-0.07385464705,13.88826554,0.3352693724,921.9201728,67,0.0001346483994,883,0.02972363416,0.1469350658,-0.1056653314,93.88175411,1.711108131,0.6211823136,35.04992551,0.3593241723,253,143,115.9286096,0.0211734608,2,5.454223340000001e-15,0.1428571429,0.5371864587
0.9950347265,123,163,6,0.9392464517,846.7252172,1.099787172e-12,109,27,2,3.054971314,5.420072281e-13,0.5108748629,18.99768519,0.3147947209,748.5130523,242,0.0001218472036,1227,0.03737662971,0.1027476544,0.9844340197,79.86900585,2.582235242,0.6239282697,45.65309061,0.36123001,227,178,147.0729806,0.1113074205,3,-5.195497445000001e-14,0.2,0.4866498084
2.315969989,143,60,8,1.964425443,925.7449327,2.547809766e-13,140,6,1,3.367288645,8.069572163e-15,0.4350482315,7.352245863,0.3087115249,770.9929336,186,0.0004287245445,1283,0.1375133976,0.1280814577,0.5187566988,119.135255,4.918122051,0.6344227058,42.46654391,0.3741982077,238,172,131.7320456,0.04662379421,4,-3.492092884e-13,0.3333333333,0.4677415818
-9.530817972,217,54,13,2.965720057,1171.53393,1.481989135e-13,142,3,2,4.614180793,-2.7066930370000004e-14,-0.2249423963,11.61204013,0.3119763761,820.2768802,16,0.0002880184332,545,0.1569700461,0.08611751152,0.2819700461,87.17816092,4.162903992,0.6501047724,36.65931058,0.391478842,230,199,150.2833202,0.08467741935,7,2.718409215e-14,0.4117647059,0.4684957853
-3.491230867,196,38,11,1.383491972,1402.368156,0.0,122,10,12,4.252535511,1.646302142e-13,0.1353635204,12.34645669,0.355981462,1045.892602,317,0.000318877551,19,0.003029336735,0.2007334184,0.890625,91.17073171,4.336219129,0.5871069305,54.56908718,0.3216779559,243,205,167.4580966,0.1800063776,3,-1.400821069e-13,0.1578947368,0.4776379602
-7.937723599,194,108,11,2.492148357,1138.843521,6.040940755e-13,157,8,11,2.608735774,-8.586321001000001e-14,0.5184841659,7.007428041,0.3496101917,910.2501711,934,0.003180071552,52,0.006890155028,0.09367960779,-0.191201802,89.37396122,7.477302532,0.6748322087,79.16797356,0.4214542822,228,177,141.7680488,0.1637736849,5,-2.348309848e-13,0.2941176471,0.558638137
-1.153061224,156,1,10,2.477099237,971.405639,6.525392471e-15,69,5,1,3.764449862,2.9001744319999996e-16,0.4387755102,1.719298246,0.4207448446,496.8813398,9,0.01020408163,1,0.01020408163,0.02040816327,0.3265306122,88.25,11.33587786,0.7601495726,77.93429487,0.5356213018,210,205,186.5704714,0.07142857143,3,-1.286952404e-15,0.12,0.4881439508
2.118230408,135,432,6,1.922356193,760.381721,3.70258242e-13,120,6,2,4.95729803,4.114366849e-13,0.03503123189,21.12789116,0.367237725,758.6482031,163,0.0001287912937,1236,0.07959301951,0.07083521154,0.2943525018,84.64691047,2.785829404,0.6785252531,52.99806495,0.4257041099,239,213,186.2497468,0.1603451607,3,-4.645779972e-13,0.1428571429,0.4762301023
-7.341920375,164,11,10,3.030656109,1223.575856,-3.758721151e-13,190,4,1,2.501413964,4.241623966e-14,0.4769711163,5.00390625,0.289855957,687.7035824,85,0.00156128025,54,0.04215456674,0.1069476971,0.2864949258,77.72222222,7.167986425,0.562809373,49.43579961,0.298933518,241,195,153.5379028,0.08196721311,4,-2.941319666e-14,0.2857142857,0.4359212064
-0.4648235004,142,5,10,1.258383071,1474.180922,2.656879078e-13,122,4,11,4.669200863,-2.964568989e-13,0.1344729696,10.44745326,0.3586509151,1272.935129,75,0.0001234263145,1366,0.0843001728,0.1091705752,0.4468649716,105.2631579,2.811522135,0.6503243099,37.61450039,0.392066371,242,173,137.0128513,0.1183658356,3,5.90865572e-13,0.2,0.4974577302
-6.873307879,161,144,8,5.339216787,829.6348764,6.522392638e-14,126,15,2,3.659537933,-4.719276379e-14,-0.4588684485,13.9178744,0.3163434386,517.7431459,283,0.0006942034016,112,0.03887539049,0.09094064561,-0.4019437695,90.11290323,6.033230402,0.6109510694,65.93689608,0.345945679,234,213,177.1796408,0.1051718153,5,5.617443338e-14,0.2631578947,0.4768688629
-0.9524270502,163,14,10,2.597086686,1302.932953,-8.459104128000001e-14,80,4,2,3.279840671,-1.074304062e-13,-0.03858387498,7.446961895,0.3602654106,921.0098415,268,0.0005531738349,40,0.005531738349,0.1362190568,-0.1316553727,76.29885057,4.831977972,0.6087495699,54.72250394,0.3440036764,224,193,157.6948277,0.1302724381,5,-3.071289285e-13,0.2941176471,0.4980205476
-0.7843111404,172,9,9,1.395125662,1296.022566,-1.343856611e-12,132,6,11,2.994680067,2.171318522e-13,0.491100857,6.118580264,0.3759690306,960.0441556,257,4.394638541e-05,977,0.04293561855,0.1258185014,-0.215161503,119.8562387,3.154124852,0.603395091,41.52016763,0.3385496797,228,175,138.9003775,0.1142606021,4,-5.842826015e-13,0.2857142857,0.4977600425
5.728564878,132,80,5,5.075019077,724.5983312,-8.705044429000001e-14,122,1,1,3.17167389,-5.874276052e-14,0.4213663457,8.356321839,0.3764331117,1107.833629,105,0.0009170105456,64,0.02934433746,0.1178358551,0.5341586428,94.11926606,7.181610072,0.6407467533,56.65060152,0.3815642631,189,144,126.5708306,0.07702888583,2,-2.5581656110000003e-14,0.125,0.5667632212
6.906152699,110,144,6,1.838722144,874.8233038,1.594949854e-12,173,4,7,2.788246153,-4.717468747e-13,0.8339692146,28.90114068,0.3067543103,860.9843007,396,0.0001754155155,131,0.005744858133,0.1707670043,0.7902907512,83.59656301,2.490931892,0.6341965591,47.98242757,0.3729796209,255,210,168.8006691,0.1687935798,3,-4.372288563e-13,0.1578947368,0.4953229837
-3.594297096,131,344,7,2.463962164,920.0676977,7.229979041e-13,180,3,15,3.616467785,-3.571370174e-13,0.3852080931,18.43285024,0.3628023991,1315.303699,161,0.0001048327917,27,0.001415242688,0.1219729531,0.4886780585,107.8816092,2.144090645,0.6560203244,48.61251584,0.3987522804,212,155,122.5915506,0.181675228,3,-1.016835333e-13,0.1764705882,0.5172961206
1.194266442,161,0,10,1.497491789,789.1867172,-9.445305696000001e-14,195,2,2,3.56111105,1.513986238e-13,-0.08414839798,14.35835351,0.3237106391,714.5649406,138,0.0001686340641,2,0.0003372681282,0.1548060708,0.2703204047,104.8388278,3.625549437,0.5912146466,54.47136448,0.3288877291,212,188,158.6244592,0.121079258,3,-1.326636009e-13,0.1304347826,0.5090011389
-1.314285714,120,9,9,3.596435757,952.0910365,-5.684341886e-15,34,2,2,3.892297967,9.728969767e-15,0.2,3.699186992,0.4121224139,1048.887629,5,0.002197802198,1,0.002197802198,0.2395604396,-0.4549450549,76.83333333,3.660247197,0.6222669046,40.92060245,0.3604432133,92,87,79.03258474,0.07692307692,6,-2.100005151e-14,0.3333333333,0.5146066309
-1.521488702,185,14,9,3.355251692,1108.923041,-6.185531091e-14,155,1,2,3.827316911,3.4326108640000004e-14,0.5972529907,4.927947598,0.3251177514,855.1321556,46,0.001329198051,28,0.01240584847,0.236154187,0.4040762074,78.568,6.462229372,0.640597869,39.67830114,0.3804089129,228,159,135.0164761,0.01462117856,2,-3.6619552960000004e-14,0.2,0.537401105
0.4597719608,142,9,8,1.895349246,1017.660977,-4.069320581e-13,113,8,9,3.008780131,4.333232379e-14,-0.1512766982,10.82956522,0.3147281664,963.6187752,19,0.0001605909748,676,0.108559499,0.09266099245,0.2045929019,86.26537217,3.150630998,0.6722464029,32.84449441,0.418236616,229,160,133.6126021,0.04352015417,3,-1.453286397e-13,0.2307692308,0.5018721833
-0.7216755693,142,11,10,1.943356625,1533.705687,-8.446009955000001e-14,107,4,1,4.25940978,-6.893183428e-15,-0.5501827383,11.7781457,0.328664313,993.0997533,5,0.0005622715772,1018,0.1430981164,0.008996345235,0.2122575204,96.52207792,0.9430567868,0.5402908743,12.55650595,0.286926878,137,86,78.13681836,0.007168962609,1,-1.188086583e-13,0.09090909091,0.5266279457
4.189628954,139,186,5,3.004917499,754.9486731,-3.0401201970000005e-14,97,8,12,3.035071834,1.301624394e-13,0.3670924574,5.434710744,0.372235503,790.7016512,54,0.0004562043796,1835,0.2790450122,0.1281934307,1.270377129,90.0443038,2.749464558,0.6593476878,37.48235271,0.4024730947,255,210,162.8045079,0.08591849148,4,3.4567644770000004e-14,0.25,0.4700789516
6.172227674,128,22,7,6.414292198,922.662282,-2.727744974e-13,112,2,5,6.616066692,2.5604641080000003e-14,0.7448478901,13.49668874,0.2995044077,705.9556632,58,0.002453385672,40,0.01962708538,0.09421000981,0.3056918548,91.19191919,8.749609158,0.6708378194,66.32907539,0.4163205442,197,177,141.2712332,0.1099116781,5,8.743022662000001e-14,0.2380952381,0.4375743051
-6.805194805,155,13,10,2.31814694,1125.454552,1.3054947870000001e-14,102,24,1,4.023358056,4.114396983e-14,-0.2453861928,4.734627832,0.3054324944,685.5485071,224,0.006835269993,3,0.002050580998,0.04989747095,-0.2959671907,114.972973,6.81200844,0.6180448562,74.0263857,0.3554786444,189,164,135.436824,0.1141490089,4,-3.208248583e-14,0.2222222222,0.5088678099
5.449295775,137,46,4,3.735150623,713.2681191,4.451400125e-14,89,19,5,3.165334761,-2.9259849630000003e-14,1.668309859,5.892116183,0.4462560906,594.8090633,25,0.0007042253521,326,0.2295774648,0.04788732394,1.58943662,73.53571429,2.543793077,0.6549289389,47.2749151,0.3971570248,250,238,201.9998431,0.03309859155,5,6.718256624e-14,0.2173913043,0.5682157286
0.5500287286,140,21,9,1.589911848,1127.150678,8.231564399e-13,209,29,11,4.267537945,-7.94162587e-14,-0.007141098252,15.38257576,0.3317614274,782.4668914,16,0.0001641631782,3,0.0002462447673,0.2873676434,0.3087909382,88.49822695,1.08102263,0.648086129,37.78833076,0.3884992006,180,137,115.6896298,0.2336042026,3,2.062650214e-13,0.1578947368,0.5232363533
1.366798901,156,104,7,3.646598328,800.4501777,-1.7610705220000003e-14,88,9,7,2.997338575,-6.3660466040000005e-15,0.02868477266,13.00396825,0.3554421769,731.2311164,56,0.0006103143119,87,0.02654867257,0.1455599634,-0.04516325908,66.64383562,5.277096688,0.6223219221,52.41878918,0.3589834904,227,204,156.8302117,0.04302715899,6,7.94205511e-14,0.4285714286,0.5025849593
-1.556970843,159,19,9,2.722351949,1078.122787,7.035568046e-14,139,20,3,3.291796174,-2.018297737e-13,0.4804458155,15.46,0.2835076923,817.4424683,405,0.0003980495572,29,0.002885859289,0.2092745547,0.1286695194,87.42973523,4.403155957,0.609422189,55.28632407,0.3459359124,237,182,142.7861884,0.1087670415,4,3.735652448e-13,0.2857142857,0.4502935609
0.9751491054,169,47,5,4.134232792,714.9192826,-3.5823784850000004e-14,90,2,3,3.168174212,-3.9784389610000005e-14,-0.1411530815,4.813397129,0.2930106911,976.4488343,2,0.0009940357853,72,0.07157057654,0.1232604374,0.6441351889,80.06,4.308712554,0.6150225605,28.03629469,0.3517908386,136,105,91.92045355,0.01093439364,3,6.8370314930000005e-15,0.3333333333,0.5058757041
-0.6431244153,176,5,10,2.788706652,1430.674831,5.839876966e-14,96,3,8,3.715499823,-5.594028514e-14,0.0944808232,8.908333333,0.3803125,1083.773468,75,0.000935453695,160,0.0374181478,0.1148269411,0.31898971,100.4975369,4.739743158,0.6303629164,49.07734601,0.3698247295,215,177,148.2338241,0.1803086997,3,1.640612602e-13,0.1764705882,0.5118037274
1.879858657,173,6,6,4.44295952,749.2195722,1.021875949e-14,85,8,2,6.432444313,-1.3081016440000001e-14,1.035335689,4.879310345,0.4188466112,594.7410308,7,0.001766784452,164,0.2897526502,0.05123674912,1.213780919,89.30769231,7.070114275,0.6945931458,48.10253131,0.4467869793,239,224,193.3502287,0.09010600707,4,-1.001789935e-14,0.1818181818,0.5757445479
4.057279236,151,69,9,3.104117318,1218.950192,1.249096822e-13,136,12,4,3.264599509,-2.9048521740000004e-14,0.1818615752,11.95435093,0.2996676848,900.877976,718,0.0002386634845,17,0.002028639618,0.1791169451,0.02219570406,75.68407311,3.993619883,0.6045816648,63.71882479,0.3392622598,255,217,161.8424843,0.08782816229,4,2.62789101e-13,0.2222222222,0.452301362
1.127995324,146,13,8,2.930877312,1129.53419,-1.699876251e-14,123,11,1,3.498153203,-7.258526961000001e-14,0.03506721216,13.19537275,0.4095994607,747.4862753,19,0.0001948178453,581,0.1131891681,0.1819598675,0.01987142022,80.73542601,2.791257016,0.6708027192,43.44234943,0.4162682531,176,134,112.6014351,0.1496201052,3,5.821937732000001e-14,0.1764705882,0.5828982353
-0.9035020484,188,17,10,1.314060721,1483.9339,2.835295947e-12,173,17,14,2.902902212,4.642871407e-13,0.3658517246,31.68760469,0.2721269665,754.3974686,1226,0.0001057222149,343,0.009065679926,0.1755781684,0.187683362,80.84368308,3.97620763,0.6212253363,54.01022082,0.3593810007,255,221,173.4082078,0.1065151315,5,-5.149045074e-13,0.2941176471,0.4280052694
-0.7926458391,159,75,8,2.296044551,957.0042488,4.64708111e-13,110,8,9,3.295672246,-1.3131977e-13,-0.2887752281,8.576170717,0.3088891692,867.0237215,1867,0.0003455902682,64,0.004423555433,0.1294581145,0.293820846,75.52808989,5.808346458,0.6004519406,61.5652363,0.3349184104,196,163,136.6445387,0.1112800664,4,-6.270063263e-13,0.25,0.506800831
0.7386210005,141,18,8,2.526192075,949.3864768,2.20303471e-14,192,1,3,5.348210604,-4.530150227e-14,-0.09148264984,10.08636364,0.3795867769,824.2827444,8,0.000901306895,55,0.02478593961,0.1604326273,-0.03830554304,89.61403509,1.988199175,0.7086678346,40.30682637,0.4653901428,197,163,134.6479746,0.1347453808,4,-1.5040995340000002e-14,0.2222222222,0.5824089593
-4.22353198,221,5,13,2.128204107,1961.814202,3.6518267130000006e-14,101,2,2,4.342980059,5.902227699e-14,-0.1427635887,14.49683544,0.3836324307,1045.445641,28,0.0002182929491,194,0.04234883213,0.04562322637,0.296005239,75.97154472,2.424923818,0.703530477,43.8323569,0.4578656311,200,182,156.2598803,0.1259550317,3,1.3650532590000001e-14,0.1304347826,0.5544519841
8.514285714,139,7,3,4.727272727,685.3955834,-1.065814104e-14,71,1,2,2.436526845,4.593151256e-15,-0.02857142857,2.1875,0.48046875,765.060724,11,0.02142857143,11,0.07857142857,0.09285714286,0.2214285714,79.16666667,12.99220779,0.6828047135,59.08328959,0.434152489,202,178,153.2324565,0.1857142857,3,3.844543731e-15,0.1764705882,0.6311311558
0.3777359038,163,18,8,1.24149959,1120.919624,4.5227142e-13,145,4,2,3.256797268,-6.164336729000001e-14,-0.07138715756,14.03662258,0.3126507701,921.1423473,0,0.0001449485433,2409,0.1745905204,0.1097260473,-0.1354544137,78.20792079,1.332973684,0.6188956733,22.20105203,0.354808135,220,171,137.4273085,0.09711552399,4,-5.36106245e-14,0.2857142857,0.4942681464
4.122356768,130,192,5,2.936830783,752.0770189,-2.0588145920000003e-14,110,2,4,3.096891091,-8.755355619000001e-14,-0.06000361468,15.58591549,0.2776829994,881.5743578,159,0.001265136454,75,0.01355503344,0.1969998193,0.3343574914,84.07114625,4.028895517,0.6529797034,68.88571971,0.395089267,201,158,128.5461764,0.0328935478,3,9.204822377e-14,0.2727272727,0.4809660662
