FLAIR_NC_Intensity_CoefficientOfVariation,FLAIR_NC_Intensity_Energy,FLAIR_NC_Intensity_InterQuartileRange,FLAIR_NC_Intensity_Kurtosis,FLAIR_NC_Intensity_Mean,FLAIR_NC_Intensity_MeanAbsoluteDeviation,FLAIR_NC_Intensity_Median,FLAIR_NC_Intensity_MedianAbsoluteDeviation,FLAIR_NC_Intensity_Minimum,FLAIR_NC_Intensity_Mode,FLAIR_NC_Intensity_NinetiethPercentile,FLAIR_NC_Intensity_QuartileCoefficientOfVariation,FLAIR_NC_Intensity_Range,FLAIR_NC_Intensity_StandardDeviation,FLAIR_NC_Intensity_Sum,FLAIR_NC_Intensity_TenthPercentile,FLAIR_NC_Histogram_Bins-16_Bins-16_Bin-0_Frequency,FLAIR_NC_Histogram_Bins-16_Bins-16_Bin-0_Probability,FLAIR_NC_Histogram_Bins-16_Bins-16_Bin-10_Frequency,FLAIR_NC_Histogram_Bins-16_Bins-16_Bin-10_Probability,FLAIR_NC_Histogram_Bins-16_Bins-16_Bin-11_Frequency,FLAIR_NC_Histogram_Bins-16_Bins-16_Bin-11_Probability,FLAIR_NC_Histogram_Bins-16_Bins-16_Bin-12_Frequency,FLAIR_NC_Histogram_Bins-16_Bins-16_Bin-12_Probability,FLAIR_NC_Histogram_Bins-16_Bins-16_Bin-13_Frequency,FLAIR_NC_Histogram_Bins-16_Bins-16_Bin-13_Probability,FLAIR_NC_Histogram_Bins-16_Bins-16_Bin-14_Frequency,FLAIR_NC_Histogram_Bins-16_Bins-16_Bin-14_Probability,FLAIR_NC_Histogram_Bins-16_Bins-16_Bin-15_Frequency,FLAIR_NC_Histogram_Bins-16_Bins-16_Bin-15_Probability,FLAIR_NC_Histogram_Bins-16_Bins-16_Bin-1_Frequency,FLAIR_NC_Histogram_Bins-16_Bins-16_Bin-1_Probability,FLAIR_NC_Histogram_Bins-16_Bins-16_Bin-2_Frequency,FLAIR_NC_Histogram_Bins-16_Bins-16_Bin-2_Probability,FLAIR_NC_Histogram_Bins-16_Bins-16_Bin-3_Frequency,FLAIR_NC_Histogram_Bins-16_Bins-16_Bin-3_Probability,FLAIR_NC_Histogram_Bins-16_Bins-16_Bin-4_Probability,FLAIR_NC_Histogram_Bins-16_Bins-16_Bin-5_Frequency,FLAIR_NC_Histogram_Bins-16_Bins-16_Bin-5_Probability,FLAIR_NC_Histogram_Bins-16_Bins-16_Bin-6_Frequency,FLAIR_NC_Histogram_Bins-16_Bins-16_Bin-6_Probability,FLAIR_NC_Histogram_Bins-16_Bins-16_Bin-7_Frequency,FLAIR_NC_Histogram_Bins-16_Bins-16_Bin-7_Probability,FLAIR_NC_Histogram_Bins-16_Bins-16_Bin-8_Frequency,FLAIR_NC_Histogram_Bins-16_Bins-16_Bin-8_Probability,FLAIR_NC_Histogram_Bins-16_Bins-16_Bin-9_Frequency,FLAIR_NC_Histogram_Bins-16_Bins-16_Bin-9_Probability,FLAIR_NC_Histogram_Bins-16_Bins-16_CoefficientOfVariation,FLAIR_NC_Histogram_Bins-16_Bins-16_Energy,FLAIR_NC_Histogram_Bins-16_Bins-16_Entropy,FLAIR_NC_Histogram_Bins-16_Bins-16_FifthPercentileMean,FLAIR_NC_Histogram_Bins-16_Bins-16_Kurtosis,FLAIR_NC_Histogram_Bins-16_Bins-16_Mean,FLAIR_NC_Histogram_Bins-16_Bins-16_MeanAbsoluteDeviation,FLAIR_NC_Histogram_Bins-16_Bins-16_MedianAbsoluteDeviation,FLAIR_NC_Histogram_Bins-16_Bins-16_NinetyFifthPercentile,FLAIR_NC_Histogram_Bins-16_Bins-16_NinetyFifthPercentileMean,FLAIR_NC_Histogram_Bins-16_Bins-16_QuartileCoefficientOfVariation,FLAIR_NC_Histogram_Bins-16_Bins-16_RobustMeanAbsoluteDeviation1090,FLAIR_NC_Histogram_Bins-16_Bins-16_RootMeanSquare,FLAIR_NC_Histogram_Bins-16_Bins-16_Skewness,FLAIR_NC_Histogram_Bins-16_Bins-16_Uniformity,FLAIR_NC_Morphologic_Eccentricity,FLAIR_NC_Morphologic_EllipseDiameter_Axis-0,FLAIR_NC_Morphologic_EllipseDiameter_Axis-1,FLAIR_NC_Morphologic_EllipseDiameter_Axis-2,FLAIR_NC_Morphologic_Elongation,FLAIR_NC_Morphologic_EquivalentSphericalPerimeter,FLAIR_NC_Morphologic_EquivalentSphericalRadius,FLAIR_NC_Morphologic_Flatness,FLAIR_NC_Morphologic_LargestComponentSize,FLAIR_NC_Morphologic_Roundness,FLAIR_NC_GLCM_Bins-16_Radius-1_AutoCorrelation,FLAIR_NC_GLCM_Bins-16_Radius-1_ClusterProminence,FLAIR_NC_GLCM_Bins-16_Radius-1_ClusterShade,FLAIR_NC_GLCM_Bins-16_Radius-1_Contrast,FLAIR_NC_GLCM_Bins-16_Radius-1_Correlation,FLAIR_NC_GLCM_Bins-16_Radius-1_Energy,FLAIR_NC_GLCM_Bins-16_Radius-1_Entropy,FLAIR_NC_GLCM_Bins-16_Radius-1_Homogeneity,FLAIR_NC_GLRLM_Bins-16_Radius-1_GreyLevelNonuniformity,FLAIR_NC_GLRLM_Bins-16_Radius-1_LongRunEmphasis,FLAIR_NC_GLRLM_Bins-16_Radius-1_LongRunHighGreyLevelEmphasis,FLAIR_NC_GLRLM_Bins-16_Radius-1_LongRunLowGreyLevelEmphasis,FLAIR_NC_GLRLM_Bins-16_Radius-1_ShortRunEmphasis,FLAIR_NC_GLRLM_Bins-16_Radius-1_ShortRunHighGreyLevelEmphasis,FLAIR_NC_GLRLM_Bins-16_Radius-1_ShortRunLowGreyLevelEmphasis,FLAIR_NC_GLSZM_Bins-16_Radius-1_GreyLevelMean,FLAIR_NC_GLSZM_Bins-16_Radius-1_GreyLevelNonUniformity,FLAIR_NC_GLSZM_Bins-16_Radius-1_GreyLevelNonUniformityNormalized,FLAIR_NC_GLSZM_Bins-16_Radius-1_GreyLevelVariance,FLAIR_NC_GLSZM_Bins-16_Radius-1_HighGreyLevelEmphasis,FLAIR_NC_GLSZM_Bins-16_Radius-1_LargeZoneEmphasis,FLAIR_NC_GLSZM_Bins-16_Radius-1_LargeZoneHighGreyLevelEmphasis,FLAIR_NC_GLSZM_Bins-16_Radius-1_LargeZoneLowGreyLevelEmphasis,FLAIR_NC_GLSZM_Bins-16_Radius-1_LowGreyLevelEmphasis,FLAIR_NC_GLSZM_Bins-16_Radius-1_SmallZoneEmphasis,FLAIR_NC_GLSZM_Bins-16_Radius-1_SmallZoneHighGreyLevelEmphasis,FLAIR_NC_GLSZM_Bins-16_Radius-1_SmallZoneLowGreyLevelEmphasis,FLAIR_NC_GLSZM_Bins-16_Radius-1_ZonePercentage,FLAIR_NC_GLSZM_Bins-16_Radius-1_ZoneSizeEntropy,FLAIR_NC_GLSZM_Bins-16_Radius-1_ZoneSizeMean,FLAIR_NC_GLSZM_Bins-16_Radius-1_ZoneSizeNonUniformity,FLAIR_NC_GLSZM_Bins-16_Radius-1_ZoneSizeNoneUniformityNormalized,FLAIR_NC_NGTDM_Coarsness,FLAIR_NC_NGTDM_Complexity
0.2280112756,43948482,25,4.164279299,92.50594019,3.036616886e-14,92.0,0.5059401884,11,92,118,0.1351351351,182,21.09239743,451614,68,6,0.001229004506,151,0.03092994674,68,0.01392871774,32,0.006554690701,11,0.002253174928,2,0.0004096681688,6,0.001229004506,24,0.004916018025,65,0.01331421549,125,0.02560426055,0.05182302335,724,0.1482998771,1052,0.2154854568,1196,0.2449815649,745,0.1526013929,422,0.08643998361,0.2802557629,233432,2.915876133,45.20338983,4.130731993,6.658336747,-1.020135317e-13,-0.3416632528,126.7733941,139.8697479,0.1428571429,1.019134952,6.914826823,0.1026908826,0.1639463984,0.7815863014,11.98070325,19.09757735,24.24861429,1.269722009,984.5736659,8.85154692,1.594028077,2905,0.5849097197,6783.58665,422.8254083,-1.686224166,2.945988822,0.1667427353,0.03733385332,5.412683205,0.5480499818,15631.6678,1.036086845,65.54035614,0.02422116517,0.9920094588,62.56658004,0.02343504192,8.0890625,67.753125,0.1058642578,7.224880371,72.6578125,1390.9375,82104.31719,25.2175249,0.03039610896,0.5575770234,41.56624346,0.01694525721,0.131093814,5.871718017,7.628125,186.421875,0.2912841797,0.0001653659762,876.7643079
0.24394844,247423510,53,2.625396131,152.4430292,-1.901983397e-12,154.0,-1.556970843,17,159,201,0.1737704918,238,37.18823915,1531900,102,3,0.0002985371679,1297,0.1290675689,1000,0.09951238929,789,0.07851527515,415,0.04129764156,108,0.01074733804,57,0.00567220619,7,0.000696586725,19,0.001890735397,149,0.014827346,0.03741665837,679,0.06756891233,904,0.08995919992,1179,0.117325107,1402,0.1395163698,1665,0.1656881282,0.2926672727,807767,3.362663349,77.76008065,2.575159291,8.60473679,2.980397632e-13,-0.3952632103,213.2772426,225.5732759,0.1764705882,1.691983685,8.96564689,-0.06862676896,0.1095437511,0.69677416,16.25334961,18.22660172,23.99546474,1.316507877,1161.45317,9.613818523,1.121405874,3722,0.5072327432,26688.27346,1233.587533,-10.18447701,2.722351949,0.126036604,0.02272362704,5.932845519,0.548895745,22167.30462,1.010146839,97.54325447,0.01520568578,0.9975070314,96.1714123,0.01505927553,8.804112554,88.5995671,0.09588697738,8.68348958,86.19588745,2282.918831,251301.1634,23.48039573,0.02325337959,0.4901268702,42.21480459,0.01366917756,0.09194944771,6.434181742,10.87554113,211.8246753,0.2292474841,9.353364034e-05,1078.122787
0.2567315459,46113215,41,2.869976719,118.4210697,1.576598747e-13,118.0,0.4210696921,36,118,157,0.1729957806,194,30.40242429,365329,79,27,0.008752025932,157,0.05089141005,89,0.02884927066,38,0.01231766613,13,0.004213938412,6,0.001944894652,3,0.0009724473258,47,0.0152350081,122,0.03954619125,228,0.07390599676,0.09594813614,466,0.1510534846,468,0.1517017828,487,0.1578606159,353,0.1144246353,285,0.09238249595,0.3986574839,141350,3.363534957,58.0472973,2.905101003,6.287844408,-1.396809554e-13,0.2878444084,169.0526514,182.7114094,0.2307692308,1.482558838,6.768934665,0.09862914754,0.1125152552,0.8481139717,10.44757772,13.03721888,22.02809778,1.68963166,653.5340922,7.211559514,1.247870007,1571,0.3261847599,13162.40788,1071.038313,11.27057357,4.314591006,0.1068892138,0.01881102021,6.214885455,0.4654882121,7873.473823,1.025798491,61.44917417,0.03977338701,0.9938619531,59.44768016,0.03858955041,7.373151308,86.05346985,0.09789928311,8.167925337,62.53128555,66.79067122,3739.691695,1.855233954,0.0481750266,0.613572643,39.44601002,0.03058004241,0.2849270665,5.767989465,3.50967008,306.8134243,0.3490482643,0.0003995799812,762.6364208
0.3059544221,273935382,48,3.310153757,112.9998471,-1.708274117e-12,109.0,3.999847071,8,107,158,0.2142857143,247,34.57280291,2216718,71,7,0.0003568333588,777,0.03960850283,403,0.02054340623,191,0.009736453076,131,0.006677881429,45,0.002293928735,31,0.001580262018,76,0.003874190753,391,0.0199316919,1239,0.06315950451,0.1348830096,3396,0.1731151552,3597,0.1833613702,2497,0.1272875567,2698,0.1375337717,1492,0.07605648162,0.3581466812,877297,3.178628607,50.58671587,3.319632993,6.295814854,7.526330751e-14,0.2958148545,174.3431181,195.4923077,0.2307692308,1.330551466,6.687395769,0.5034814943,0.1292254732,0.7133815192,22.93061567,30.78695194,37.9150882,1.231531081,2811.120912,14.95666722,1.342613403,14015,0.2904853634,9913.52893,896.1476629,26.34062886,1.110545401,0.1930904654,0.04664419438,5.036848294,0.7024999504,38759.76063,1.097061596,64.8108676,0.03012135628,0.9777088378,58.93654917,0.02668357046,7.964362851,77.28725702,0.0834635605,11.64343842,75.07451404,23558.37473,1146861.585,599.40707,0.03400491385,0.4876107815,37.75637366,0.01625022015,0.04720395575,6.55934787,21.18466523,210.0215983,0.2268051817,5.672076959e-05,802.7184671
0.2106629261,172348850,35,4.230865806,131.3716796,-2.103063825e-13,129.0,2.371679565,0,128,166,0.1351351351,255,27.67514242,1256176,99,1,0.0001045806317,750,0.07843547375,318,0.03325664087,140,0.01464128843,78,0.00815728927,28,0.002928257687,21,0.002196193265,0,0.0,12,0.00125496758,28,0.002928257687,0.008575611797,558,0.05835599247,1668,0.1744404936,2119,0.2216063585,2237,0.233946873,1522,0.1591717214,0.2260641607,602924,2.810907479,78.9403794,4.006394494,7.745241581,-2.083594864e-13,-0.2547584187,180.783029,200.5523385,0.125,1.047341337,7.940665763,0.5503515825,0.1706471981,0.8676168627,14.63704394,29.51196264,41.79896293,1.416339653,2162.193329,13.11723592,2.016251557,9454,0.3242004167,8552.352721,330.4709418,13.87686657,2.289949315,0.2075609003,0.04637932119,5.094816641,0.6072578727,29181.00134,1.091683746,88.91141285,0.01598943914,0.9800891369,81.19541344,0.0142444915,10.04,68.08307692,0.1047431953,7.650707692,108.4523077,9658.04,706950.36,139.0790592,0.01511635658,0.4800820352,54.56917289,0.007939970435,0.06797741058,6.242975756,14.71076923,145.0953846,0.2232236686,7.175211199e-05,901.6806649
0.1256447577,709618625,27,3.642552157,175.2156889,-2.724936856e-13,176.0,-0.7843111404,48,172,202,0.07692307692,207,22.01493276,3987033,148,2,8.789277082e-05,5289,0.2324324324,3226,0.1417710393,1409,0.06192045704,455,0.01999560536,124,0.005449351791,45,0.001977587343,1,4.394638541e-05,9,0.0003955174687,25,0.001098659635,0.003823335531,300,0.01318391562,749,0.03291584267,1780,0.07822456603,3724,0.1636563393,5530,0.2430235113,0.1836787255,2043070,2.812107689,126.1696505,3.597723551,9.319622061,-4.889345892e-13,0.3196220611,211.5723939,221.4770459,0.1111111111,1.002573525,9.475523291,-0.1744809217,0.1716276033,0.8342798871,24.36748802,32.74007081,51.2300495,1.564750724,3727.577143,17.2229836,1.343596467,21400,0.220559966,11715.4538,257.7117618,-2.744307894,1.395125662,0.2883392978,0.05474883934,4.806444907,0.6471691184,66804.9483,1.058063874,115.5001944,0.011332384,0.9864444118,107.9842117,0.01059758307,9.921298574,210.9734383,0.1037744409,7.043486361,105.4756517,22542.35858,2604455.107,199.7790256,0.01425865381,0.5676024365,59.82804861,0.008767571637,0.08934300154,5.929395136,11.19281849,615.839154,0.3029213743,2.467894405e-05,1296.022566
0.1619364977,389551527,30,3.561417696,137.5475977,-9.072593819000001e-14,136.0,1.547597687,55,133,165,0.1094890511,200,22.27397624,2759755,110,5,0.0002492025518,384,0.01913875598,180,0.008971291866,67,0.003339314195,35,0.001744417863,10,0.0004984051037,7,0.0003488835726,17,0.0008472886762,127,0.006329744817,1090,0.0543261563,0.1300837321,4065,0.2026016746,4070,0.2028508772,3989,0.1988137959,2396,0.1194178628,1012,0.05043859649,0.2964067524,810295,2.872419023,96.46745562,3.534892657,6.092952552,-5.671989548e-13,0.09295255183,176.1206136,190.7054871,0.1666666667,1.061133416,6.35495998,0.425475068,0.1589028148,0.8374997047,21.56948314,34.67691682,50.04945944,1.443307654,3515.628234,16.72617128,1.60768418,19601,0.5507378976,5942.453356,320.9116569,8.20141319,1.328019126,0.2647687129,0.05084422919,4.816680892,0.6697320779,48298.72733,1.13149106,63.01691381,0.02759471236,0.9708840679,55.6139982,0.02347963682,8.293478261,92.82213439,0.09172147667,8.95240806,77.73418972,47211.60079,2413487.281,1040.290821,0.02911787013,0.5901145442,47.65049785,0.01803487036,0.05043859649,5.90065651,19.82608696,329.0731225,0.3251710697,4.48820749e-05,838.8863298
0.2738261019,273140738,38,4.120285944,115.4057029,1.445821506e-12,119.0,-3.594297096,0,131,150,0.1610169492,240,31.60109377,2201710,75,154,0.008072124961,1265,0.06630674075,373,0.01955131565,124,0.006499633085,39,0.002044239438,13,0.000681413146,4,0.0002096655834,213,0.01116469232,344,0.01803124017,450,0.02358737813,0.04093720516,1484,0.07778593144,2602,0.136387462,3955,0.2073068456,3920,0.2054722717,3357,0.1759618409,0.2967127747,1065027,3.054392785,32.47764449,4.026248319,7.162962575,-2.647189756e-13,0.1629625747,160.3463948,173.322503,0.2,1.168279447,7.471604702,-0.7052382803,0.1483826676,0.7891144092,23.39096576,32.96633047,45.20816407,1.371343532,3352.537366,16.33359871,1.409361666,18253,0.3583966941,9269.145633,907.1402917,-48.59210638,2.463962164,0.1690321796,0.04039798283,5.377892814,0.5956313392,47962.12149,1.11473926,78.2186563,0.05972874606,0.9817104177,69.93396136,0.02780129942,8.259722222,126.9194444,0.08813850309,9.820044367,78.04305556,25909.38194,1975686.579,369.6229572,0.03964040444,0.5890051928,47.71918841,0.02270426136,0.07547961002,5.982366606,13.24861111,467.6,0.3247222222,4.110567713e-05,920.0676977
0.3058570294,629849204,85,2.069719038,170.3584601,1.00276534e-14,177.0,-6.641539857,23,207,237,0.2478134111,232,52.10533255,3380934,97,24,0.0012093117,1296,0.0653028318,1732,0.08727199436,2381,0.1199737982,2105,0.1060667137,1743,0.08782626222,1449,0.07301219389,95,0.004786858813,335,0.01687997581,580,0.02922503275,0.04081426988,1245,0.06273304444,1396,0.07034163056,1694,0.08535725083,1496,0.07538042931,1465,0.07381840169,0.3731318706,2103845,3.725377307,65.22955975,2.078031687,9.646427492,-6.232208251e-13,-0.3535725083,245.2089478,250.2132254,0.3,2.495900398,10.29604369,-0.3230067044,0.08069877653,0.6384065227,27.20219521,34.69677093,39.91401147,1.150366746,3530.439708,16.76136824,1.275513637,19725,0.5921561356,80807.47595,4933.698952,-129.3022741,1.944913943,0.07380311342,0.02652456945,5.893529968,0.6527054724,24518.04025,1.21966555,150.612546,0.02177418312,0.9602373452,103.5471153,0.0197707581,8.040747029,49.55348048,0.0841315458,11.397321,76.05093379,44389.01868,6766178.29,389.9865053,0.04668601115,0.5281155624,41.84972026,0.0219544112,0.02967852464,6.200164763,33.69439728,156.7724958,0.2661672254,5.434499504e-05,1260.322465
0.1954523577,182288590,61,2.916471971,195.776468,-1.0224618450000001e-14,200.0,-4.22353198,10,221,244,0.155216285,245,38.26497225,896852,144,1,0.0002182929491,485,0.1058720803,506,0.1104562323,635,0.1386160227,661,0.1442916394,620,0.1353416285,629,0.137306265,4,0.0008731717966,5,0.001091464746,7,0.001528050644,0.003056101288,20,0.004365858983,39,0.008513425016,110,0.02401222441,346,0.0755293604,499,0.1089281816,0.2141042612,646088,3.189996007,111.8113208,2.940944461,11.61274831,-1.157295899e-13,-0.3872516918,249.5736016,253.4256198,0.1666666667,1.880183572,11.87587702,-0.5339664186,0.1188661575,0.86122436,13.95830587,19.26775335,32.26828701,1.674730127,1326.711029,10.27503329,1.380379075,4544,0.6789850173,35963.62475,1321.575218,-61.59092906,2.128204107,0.1438589508,0.03324301555,5.406581029,0.5874646992,9902.145543,1.217197044,197.7064667,0.009830067763,0.9576329045,147.0241542,0.008192478019,9.578680203,28.79695431,0.1461774331,6.741271355,98.49238579,9652.329949,1813955.579,55.33093315,0.01994174546,0.5373857271,51.75831298,0.01231567534,0.04300371098,5.354595137,23.25380711,53.34517766,0.2707877039,0.0001396920317,1961.814202
0.2151929057,122663938,43,3.356179441,151.1279953,-2.748317841e-13,150.0,1.127995324,11,146,192,0.1419141914,244,32.52167245,775740,111,3,0.0005844535359,783,0.1525423729,584,0.1137736217,256,0.0498733684,138,0.02688486265,39,0.007597895967,16,0.003117085525,10,0.001948178453,13,0.002532631989,36,0.007013442431,0.01480615624,155,0.03019676602,422,0.08221313072,783,0.1525423729,959,0.1868303137,860,0.167543347,0.2477944933,410466,3.13845008,79.37603306,3.309121787,8.67991428,4.8652728490000005e-14,-0.3200857199,205.5798836,218.4647303,0.1764705882,1.313686963,8.942376736,-0.09952602481,0.1336865256,0.6276753628,18.12503177,20.50201407,24.76240769,1.207803663,1379.522077,10.47754164,1.131143621,4818,0.558865532,16608.16514,728.6133392,-8.772838524,2.930877312,0.1502873392,0.02749498151,5.747522746,0.5262006367,13359.12179,1.05277735,104.2743691,0.01470364271,0.9875763472,98.16489623,0.01392099847,9.77027027,39.41891892,0.08878134892,9.771548576,105.2297297,5352.853604,491603.9482,62.1521163,0.01969949536,0.5896519984,61.48607337,0.01077758322,0.08649912332,5.799045094,11.56081081,143.8378378,0.3239590942,0.0001500281774,1129.53419
0.164621018,352509028,31,3.606981754,145.5351765,-5.028699144e-13,146.0,-0.4648235004,4,142,176,0.1058020478,214,23.95814891,2358252,116,2,0.0001234263145,3610,0.2227844977,3227,0.1991483584,2283,0.140891138,1079,0.06658849667,217,0.01339175512,14,0.0008639842014,2,0.0001234263145,5,0.0003085657862,21,0.001295976302,0.003764502592,134,0.008269563071,274,0.01690940509,752,0.04640829425,1605,0.09904961738,2918,0.1800789928,0.180422204,1698579,2.884628002,88.09782609,3.554467856,10.07572204,3.634063894e-13,0.07572204394,184.1829285,190.5781991,0.1,1.043840249,10.23839211,-0.4381652768,0.1585207178,0.908097083,21.15984702,25.15650968,55.09555629,2.190111307,2987.69454,15.41924697,1.188879563,15356,0.2982434549,16687.71312,430.8083652,-20.36513011,1.258383071,0.2636200125,0.04945211243,4.847469746,0.6574664401,45324.81502,1.065665899,130.1481086,0.01024339476,0.9843317719,119.5678043,0.009567416673,9.50048216,144.3905497,0.1392387171,5.314609218,95.57377049,27526.22372,3752743.702,207.9498829,0.01484745347,0.5501400749,53.2901235,0.00791115793,0.06399654406,5.639188386,15.62584378,298.9807136,0.2883131279,3.458191379e-05,1474.180922
0.242855371,620458427,39,4.829795793,140.4377083,2.206650537e-13,143.0,-2.562291716,1,146,180,0.1368421053,254,34.10605175,4171983,102,160,0.005385935975,4375,0.1472716868,2419,0.08142861952,976,0.03285420945,305,0.01026694045,62,0.00208705019,27,0.0009088766957,238,0.008011579762,282,0.009492712155,345,0.01161342445,0.01689837412,882,0.02968997206,2236,0.07526845525,4513,0.1519170566,5985,0.2014676676,6400,0.215437439,0.2622929119,2178141,3.08072257,48.45998655,4.692332793,8.282593328,6.416207242e-13,0.2825933282,190.8615921,203.0974949,0.1764705882,1.201553318,8.562756554,-0.7731958012,0.1467414308,0.794489187,28.69603858,35.05532632,52.22761804,1.489862555,4406.908094,18.72673499,1.221608558,27509,0.3414912543,13231.83496,1440.558415,-61.9073527,1.852014798,0.1742996706,0.03891030336,5.33553474,0.6073755495,77952.4202,1.00975638,90.39938552,0.02087222779,0.9976595434,89.35328138,0.02060940699,8.787589499,218.1188544,0.1041140117,7.305239774,84.52696897,39089.52983,3642575.054,451.7919255,0.0243573304,0.5613294366,46.90425313,0.01373534403,0.07052209917,6.002546827,14.17995227,620.1054893,0.2959930736,2.383878474e-05,1062.607917
0.1953667983,29079300,26,6.440284383,140.4492958,-1.5892138940000002e-14,135.0,5.449295775,72,137,172,0.09420289855,183,27.43912924,199438,114,14,0.00985915493,17,0.01197183099,21,0.01478873239,9,0.006338028169,12,0.008450704225,8,0.005633802817,14,0.00985915493,21,0.01478873239,46,0.0323943662,101,0.07112676056,0.2408450704,320,0.2253521127,241,0.1697183099,141,0.09929577465,70,0.04929577465,43,0.03028169014,0.437936327,50417,3.076839271,90.16666667,6.125359073,5.458450704,4.7166026950000006e-14,0.4584507042,193.1786337,220.9863014,0.2,1.090845908,5.95860131,1.286815492,0.1578278119,0.6142848171,11.11356985,13.99421897,15.80438774,1.129351183,572.1850272,6.747817256,1.259201063,1287,0.6304217903,3730.732704,1296.376608,77.13547675,3.735150623,0.1322507564,0.05100125929,5.251734222,0.5517969998,3967.783029,1.317812218,61.59475989,0.06528137028,0.947682875,48.8924156,0.04293862493,7.68,19.848,0.079392,13.5616,72.544,863.432,28954.24,28.20436594,0.07557392358,0.6189015109,46.35846066,0.054138002,0.176056338,5.622732117,5.68,89.464,0.357856,0.0007512186141,713.2681191
0.229522001,29410975,43,2.940285683,138.1948052,9.684362373000001e-14,145.0,-6.805194805,27,155,174,0.1541218638,190,31.71874821,202179,91,2,0.001367053999,293,0.2002734108,238,0.1626794258,122,0.08339029392,53,0.03622693096,16,0.01093643199,3,0.002050580998,9,0.006151742994,13,0.008885850991,30,0.02050580998,0.04511278195,93,0.06356801094,90,0.06151742994,96,0.06561859193,120,0.08202323992,219,0.1496924129,0.303491433,125509,3.352200746,63.75,2.926179804,8.8632946,2.9567902770000004e-14,-0.1367053999,181.3594748,190.2222222,0.2222222222,1.639666196,9.262223824,-0.6550148759,0.1188052154,0.8512658205,8.120168175,12.86966432,19.48167703,1.513767301,504.6484313,6.337084991,1.584901204,1066,0.4377954993,17756.60957,1418.304866,-83.10960489,2.31814694,0.1436487238,0.03202655224,5.583316564,0.545792303,3571.267854,1.244423618,132.04811,0.02073836215,0.952701864,97.50688186,0.01748254463,9.141304348,23.97101449,0.08685150179,10.7227867,94.28623188,369.7210145,43660.46739,3.481607704,0.03009026433,0.5820063172,53.0334208,0.02102872472,0.1886534518,5.677911326,5.300724638,87.34057971,0.3164513758,0.0005451520408,1125.454552
0.3828593601,579227759,60,3.07225903,119.1571388,1.467945346e-12,107.0,12.15713884,1,88,189,0.2564102564,254,45.62042593,4239611,71,12,0.0003372681282,2044,0.0574480045,1745,0.04904440697,1312,0.03687464868,919,0.02582911748,576,0.01618887015,440,0.01236649803,105,0.002951096121,486,0.01365935919,1766,0.04963462619,0.1125351321,6896,0.193816751,6525,0.1833895447,3836,0.1078133783,2490,0.06998313659,2424,0.06812816189,0.4158247208,2004655,3.406167119,48.7184466,3.009495495,6.930831928,1.299974381e-12,0.930831928,210.2004457,229.4382217,0.2857142857,1.696768871,7.506143259,0.7808553478,0.1158301412,0.7398569783,31.54979783,39.13505891,52.22980703,1.334604022,5052.083679,20.05073677,1.24042186,33766,0.3044420915,19348.68916,2672.135008,122.8063284,2.536547083,0.1002315372,0.02715877214,5.93153204,0.5699105683,73113.9033,1.034854535,74.10450181,0.02527280238,0.9923227527,72.20893381,0.02389176,7.112214499,194.9652433,0.09680498674,11.06585875,61.64945382,34342.23734,1978536.139,740.1527049,0.04056071405,0.5331701654,30.35072404,0.02329283764,0.05660483418,6.27113049,17.66633565,542.0377358,0.2691349235,3.452187274e-05,812.8563119
0.1823566046,146921644,45,3.07063919,182.3568756,-2.138939685e-13,183.0,-0.6431244153,37,176,224,0.1226158038,218,33.25398066,779758,138,2,0.0004677268475,687,0.1606641721,677,0.1583255379,586,0.1370439663,343,0.08021515435,212,0.04957904584,149,0.03484565014,5,0.001169317119,5,0.001169317119,14,0.003274087933,0.006548175865,79,0.01847521048,180,0.04209541628,298,0.06969130028,424,0.09915809167,587,0.1372778297,0.2408400994,466384,3.306318946,108.1016043,3.024711934,10.15341441,-4.440476674e-14,0.153414406,237.3355062,247.0603015,0.1428571429,1.462088278,10.44366598,-0.2788729743,0.1154720891,0.9160853111,11.65689271,18.42156362,36.54502215,1.983817601,1240.627924,9.936097489,1.580315105,4109,0.4624144703,33482.04725,1251.368361,-15.69917266,2.788706652,0.1277071488,0.02358269798,5.873080563,0.5468537163,9892.452992,1.074888132,137.9648976,0.01152193155,0.9832696385,125.4091437,0.01076708652,10.16666667,32.2183908,0.09258158277,9.742337165,113.1034483,2655.425287,357162.9914,21.69680997,0.01916136108,0.5099359104,57.84479899,0.0102142537,0.08138447147,6.102092515,12.28735632,85.92528736,0.2469117453,0.0001785904991,1430.674831
0.1210988219,158287740,23,5.117698335,162.1942664,4.441455261e-13,161.0,1.194266442,0,161,188,0.07076923077,255,19.64153459,961812,139,2,0.0003372681282,1914,0.3227655987,876,0.1477234401,334,0.0563237774,85,0.01433389545,13,0.002192242833,4,0.0006745362563,0,0.0,0,0.0,0,0.0,0.0,1,0.0001686340641,35,0.005902192243,174,0.02934232715,643,0.1084317032,1849,0.3118043845,0.1303019287,564037,2.353009859,119.083004,4.640029884,9.670994941,-1.162498241e-13,-0.329005059,198.0302296,208.0238095,0.05263157895,0.783500249,9.752735596,0.05250453478,0.2392582945,0.8095917317,16.46088068,20.89266992,31.59295884,1.51215517,1541.137591,11.07428701,1.2692316,5689,0.5151354868,7811.998764,66.91808726,1.564506135,1.497491789,0.3325502996,0.0804211453,4.309434633,0.6398426927,22171.90141,1.331401777,152.0038123,0.02700466562,0.9418239099,110.1091488,0.008729712717,10.87155963,42.82874618,0.130974759,5.292371574,123.4831804,21773.93884,2461337.281,195.4534273,0.01264227939,0.5034758669,64.52924604,0.005504249291,0.05514333895,5.614358033,18.13455657,79.68501529,0.2436850621,6.646500683e-05,789.1867172
0.1703911291,137449437,31,4.138734803,146.459772,1.607809758e-13,146.0,0.4597719608,30,142,177,0.1058020478,225,24.95544592,912005,116,5,0.0008029548739,521,0.08366789786,221,0.03549060543,93,0.01493496066,51,0.008190139714,16,0.002569455597,6,0.0009635458487,6,0.0009635458487,9,0.001445318773,31,0.004978320218,0.02264332744,366,0.05877629677,800,0.1284727798,1414,0.2270756383,1439,0.2310904127,1108,0.1779348001,0.2326490487,396995,2.880766449,92.2,3.940957755,7.776939136,-1.051031574e-13,-0.223060864,189.6008902,205.6510791,0.125,1.00410688,7.984598552,0.1527820561,0.1656855539,0.8766463879,14.41999092,21.13487808,36.28400412,1.716783224,1559.324492,11.13943896,1.465665145,5790,0.3581674391,7618.450706,256.8013868,3.175721409,1.895349246,0.2488807592,0.05151013734,4.929911648,0.6096392556,18291.0707,1.065979895,86.43909612,0.01743140022,0.9846986837,80.8139017,0.01600588722,9.312111801,61.20807453,0.095043594,8.786126596,95.5015528,5524.364907,426513.1382,74.52747113,0.02067563555,0.5373535795,53.39701917,0.01115925692,0.1034205878,5.962040669,9.669254658,177.8416149,0.2761515759,0.0001111555888,1017.660977
0.1886084575,145537009,34,3.915365585,146.189629,-1.79074922e-13,142.0,4.189628954,71,139,182,0.1172413793,184,27.57260042,961343,115,13,0.001976885645,214,0.03254257908,133,0.02022506083,78,0.01186131387,55,0.008363746959,32,0.004866180049,22,0.003345498783,86,0.01307785888,186,0.02828467153,519,0.07892335766,0.1376216545,1416,0.2153284672,1102,0.1675790754,764,0.1161800487,621,0.09443430657,430,0.0653892944,0.4023940563,276305,3.249611446,97.75157233,3.834334146,6.013534063,-1.520621963e-13,0.01353406326,197.1058707,216.359375,0.2727272727,1.406789762,6.482066314,0.7094481721,0.128997662,0.6661412301,17.09667838,20.46622388,25.08057165,1.225461609,1336.619527,10.31333129,1.197087728,4595,0.8006841758,8099.625106,1864.021775,97.76370271,3.004917499,0.1252941083,0.03490443541,5.733266402,0.5605386999,15778.08028,1.05052771,60.06531264,0.03366197598,0.9885591138,57.35216676,0.03177491506,7.146258503,87.22902494,0.09889912125,8.16568328,59.23469388,3154.092971,128585.6395,86.53097219,0.04562671478,0.5771744404,32.91597184,0.03000009814,0.1341240876,5.819242313,7.455782313,276.1746032,0.3131231329,0.0001778756647,754.9486731
0.1824962225,323962710,36,3.746507914,147.2073542,5.46994146e-13,148.0,-0.7926458391,40,159,178,0.1224489796,215,26.86478607,2129796,115,13,0.0008985346973,1028,0.07105335914,462,0.03193254078,172,0.01188830523,102,0.007050041471,44,0.00304119436,38,0.002626486038,21,0.001451479126,75,0.005183854023,217,0.01499861764,0.03870611004,1304,0.09012994194,2546,0.1759745646,2426,0.1676803981,2955,0.2042438485,2505,0.1731407244,0.2697773255,864271,3.030765063,90.87624467,3.665637914,7.462192425,-4.176385837e-13,-0.5378075753,190.6580832,207.7218935,0.2,1.26175875,7.728953961,0.129779906,0.146928787,0.785280701,23.45147851,27.69362852,41.16103151,1.486299691,2808.713443,14.95026134,1.180890514,13997,0.2532450526,10181.9803,568.7456593,5.907798385,2.296044551,0.1836721896,0.03762277936,5.366587566,0.5915350627,39371.26464,1.074193137,83.37756504,0.01962170149,0.983696518,76.31075772,0.01823792578,9.006051437,122.5582451,0.09270669068,8.927346134,90.03630862,10458.60817,804063.941,149.2332626,0.02442610333,0.5371798972,48.49130768,0.01353915941,0.09137406691,6.213431206,10.94402421,360.4810893,0.2726785849,5.546156453e-05,957.0042488
0.123784458,369379406,24,3.605336487,162.3777359,-1.197168212e-12,162.0,0.3777359038,60,163,189,0.07407407407,184,20.09984002,2240488,138,2,0.0001449485433,1654,0.1198724453,1002,0.07261922018,411,0.02978692564,152,0.01101608929,17,0.001232062618,5,0.0003623713582,9,0.0006522684447,18,0.001304536889,57,0.004131033483,0.01014639803,383,0.02775764604,1136,0.08233077258,2374,0.1720539209,3247,0.23532396,3191,0.2312654008,0.2115211516,1011881,2.858164672,117.8341544,3.572731421,8.378243224,2.196245472e-13,0.3782432237,196.8815626,205.3253182,0.125,1.150572549,8.563605459,-0.02128486843,0.1667878283,0.6145865199,23.45613823,31.31578831,34.35704622,1.097115802,2702.964402,14.6661199,1.335078605,13214,0.3152641491,10207.82619,328.12154,3.841189206,1.24149959,0.2815705865,0.05556886078,4.783609995,0.6674653182,37684.27963,1.111274466,101.2480021,0.01495767521,0.9759601817,88.90113762,0.01327838622,8.907300116,90.32329085,0.1046619824,7.050502908,86.39049826,23226.45423,2119880.568,265.4208325,0.019821006,0.5098806679,46.07186794,0.01099159031,0.06254529642,6.108992769,15.98841251,215.0509849,0.2491900173,4.63891475e-05,1120.919624
0.3107413771,43907817,55,3.124233697,140.1722277,-6.554564981e-15,134.0,6.172227674,12,128,202,0.1985559567,243,43.55731105,285671,90,3,0.001472031403,172,0.08439646712,124,0.06084396467,72,0.03532875368,73,0.03581943081,40,0.01962708538,56,0.02747791953,9,0.00441609421,22,0.01079489696,46,0.02257114818,0.05004906771,193,0.09470068695,290,0.142296369,353,0.1732090285,272,0.1334641806,211,0.1035328754,0.360532282,144553,3.488539227,59.62244898,3.000194476,7.92296369,-1.1799088580000001e-14,-0.07703631011,223.5296388,242.5858586,0.25,1.618044329,8.421926847,0.4383343547,0.1053983152,0.5901491729,12.61576681,15.90225513,17.54503921,1.103305102,726.9440976,7.605811807,1.260506425,1843,0.6625475863,25140.78663,2070.972828,61.68897859,6.414292198,0.07422322608,0.01504549053,6.63027212,0.4125689417,4680.724612,1.136768336,100.6855606,0.02237454454,0.9763718216,86.89715553,0.01955517835,9.868338558,27.86520376,0.08735173593,11.06103517,108.4451411,444.7210031,30214.95611,7.71732575,0.02411424602,0.5222092935,61.35729982,0.01181753254,0.1565260059,6.017758658,6.388714734,82.81818182,0.2596181248,0.0005495707119,922.662282
0.1551909182,3049904,26,10.88428176,174.3469388,-6.380383750000001e-15,175.5,-1.153061224,37,156,201,0.07303370787,198,27.05706152,17086,150,1,0.01020408163,28,0.2857142857,17,0.1734693878,24,0.2448979592,8,0.08163265306,2,0.02040816327,1,0.01020408163,0,0.0,1,0.01020408163,1,0.01020408163,0.0,0,0.0,0,0.0,1,0.01020408163,5,0.05102040816,9,0.09183673469,0.2066727349,11393,2.734394828,92.8,10.14575722,10.56122449,-2.9001744319999996e-16,-0.4387755102,207.4173765,216.4,0.09090909091,1.009734992,10.78216593,-2.010005089,0.1903373594,0.811137301,2.428580014,3.480402548,4.970981694,1.4282778,37.96929893,1.738246474,1.433101865,22,0.9576416621,13709.4023,101.1112573,-0.2266249453,2.477099237,0.1971317995,0.05164326088,4.739584224,0.5716943447,447.1409396,1.311241611,182.5880872,0.02508622571,0.9436915082,130.9603197,0.01891506166,11.38636364,6.909090909,0.1570247934,8.282541322,137.9318182,7.772727273,1066.113636,0.08537829583,0.03353939069,0.5408694406,72.8173614,0.03012176568,0.4489795918,4.462288369,2.227272727,13.18181818,0.2995867769,0.004536406981,971.405639
0.1711817754,219776587,38,4.312881365,184.5087691,3.030047868e-13,188.0,-3.491230867,49,196,222,0.1016042781,206,31.58453868,1157239,147,9,0.00143494898,1130,0.1801658163,1138,0.1814413265,870,0.1387117347,586,0.09343112245,243,0.03874362245,59,0.009406887755,25,0.003985969388,38,0.006058673469,68,0.01084183673,0.01403061224,92,0.01466836735,141,0.02248086735,372,0.05931122449,556,0.08864795918,857,0.1366390306,0.2457921241,668717,3.25563774,100.0223642,4.281142455,10.02726403,1.551276114e-13,0.02726403061,229.107633,237.6754967,0.1428571429,1.417929591,10.325668,-0.8642846705,0.1260766693,0.8309456253,15.12610799,22.30671711,33.01645933,1.480112881,1567.035284,11.16694702,1.474716241,5833,0.4734986821,24254.23718,1469.052923,-62.33332924,1.383491972,0.176183078,0.03702488111,5.261980514,0.6349287241,14079.50396,1.127520493,139.8950126,0.01563105999,0.9708327569,118.3788405,0.01423881549,8.028985507,32.66376812,0.09467758874,10.39915984,74.86376812,10840.89275,1556480.104,79.10068364,0.05127107452,0.5181471707,39.74418962,0.0333620147,0.05500637755,6.054638073,18.17971014,87.84637681,0.2546271792,0.0001103544108,1402.368156
0.2983450987,239667230,67,2.604791907,162.0572792,1.256592284e-13,158.0,4.057279236,7,151,231,0.2036474164,248,48.34899496,1358040,101,13,0.001551312649,822,0.09809069212,767,0.0915274463,628,0.07494033413,584,0.06968973747,574,0.06849642005,512,0.06109785203,38,0.004534606205,69,0.008233890215,160,0.01909307876,0.02422434368,334,0.03985680191,485,0.05787589499,848,0.1011933174,1144,0.1365155131,1199,0.1430787589,0.3294408702,834538,3.600622384,59.12373737,2.585636225,9.478281623,4.58803719e-13,0.4782816229,242.4624993,250.2468828,0.2631578947,1.979987369,9.979322297,-0.1153967722,0.09222489619,0.8254164812,17.43610903,23.31648459,35.71689684,1.531830268,1869.85294,12.1982855,1.337252741,7603,0.4622819912,54821.09613,3293.048007,-51.58114559,3.104117318,0.08780189624,0.0193759501,6.19962889,0.5476162318,15257.16864,1.059412307,121.7323352,0.01735569314,0.9859566557,111.4913184,0.01651495942,8.216510903,64.13395639,0.09989712833,8.802032686,76.31308411,5048.17757,696861.324,42.64707666,0.02916472408,0.4961278448,37.72031825,0.01477739602,0.07661097852,6.265681666,13.0529595,149.9314642,0.2335381062,0.0001226663675,1218.950192
0.1105296139,82020555,25,3.675584919,189.4785113,-9.570447128000001e-14,191.0,-1.521488702,103,185,215,0.0656167979,152,20.94298669,427653,163,4,0.001772264067,347,0.1537439078,249,0.1103234382,98,0.04342046965,48,0.02126716881,13,0.005759858219,5,0.002215330084,7,0.003101462118,14,0.006202924236,23,0.01019051839,0.02171023482,91,0.04031900753,175,0.07753655295,275,0.1218431546,369,0.1634913602,490,0.2171023482,0.2586777654,177136,3.166499721,139.6846847,3.668514186,8.576871954,-6.505700325000001e-14,-0.4231280461,222.0327673,230.5959596,0.1764705882,1.245645318,8.85905988,-0.4253197997,0.135156729,0.7551555599,12.72007074,12.93654765,19.56820678,1.512629746,685.0503691,7.383398693,1.017018531,1686,0.3538940671,17029.47697,816.9007281,-25.53661601,3.355251692,0.1363341123,0.02627606417,5.818261569,0.5140072807,6655.524662,1.036805198,100.7653421,0.01674024589,0.9914823876,96.01017772,0.01626686122,9.403603604,56.18558559,0.1012352893,8.074941969,96.5027027,171.3459459,17606.77658,1.842903354,0.02444092398,0.636766207,62.459703,0.01848288951,0.2459016393,5.542622763,4.066666667,208.4594595,0.3756026297,0.0003343933073,1108.923041
0.2364373555,205178492,42,3.364826861,144.31597,7.869919555e-13,142.0,2.315969989,30,143,191,0.1478873239,225,34.1216863,1346468,103,5,0.0005359056806,623,0.0667738478,500,0.05359056806,364,0.03901393355,169,0.018113612,84,0.009003215434,85,0.00911039657,9,0.0009646302251,60,0.006430868167,206,0.02207931404,0.05198285102,1001,0.1072883173,1332,0.1427652733,1617,0.1733118971,1722,0.1845659164,1068,0.1144694534,0.3206713991,598155,3.295372587,80.40493827,3.247188345,7.62454448,-1.024470493e-13,0.6245444802,207.9592835,225.2324561,0.2,1.409343969,8.006930278,0.4391421184,0.1216747828,0.8952769038,12.69783352,15.98301061,31.97691305,2.000681463,1093.032413,9.326347396,1.258719496,3398,0.5121299764,14292.26665,1204.26865,41.16294558,1.964425443,0.1577474255,0.03455807108,5.531019639,0.5969430477,22072.36808,1.055291183,84.161597,0.01995982436,0.9872268342,79.04117308,0.01880210016,8.181672026,120.5707395,0.09692181636,8.978249294,75.91800643,1779.419614,139963.3826,24.22388149,0.0268223231,0.5331507019,39.26125975,0.01591363551,0.1333333333,6.167804577,7.5,337.2604502,0.2711096866,0.0001055254697,925.7449327
0.233286967,122844895,39,3.838903155,124.0006599,1.718449998e-13,119.0,5.000659892,32,111,163,0.1591836735,223,28.92773786,939553,92,3,0.0003959350666,255,0.03365448067,132,0.01742114293,56,0.007390787911,33,0.004355285733,16,0.002111653689,11,0.001451761911,5,0.0006598917777,57,0.007522766266,433,0.05714662795,0.1579780916,1738,0.2293783819,1327,0.1751352778,1036,0.1367295763,808,0.1066385113,470,0.06202982711,0.341072194,315774,3.019549941,76.39333333,3.78417726,6.110069949,-1.12366468e-13,0.1100699485,178.2520039,198.1041667,0.1666666667,1.247189052,6.455643519,0.785040524,0.1469975342,0.8642500795,16.33894404,19.42476749,35.41343306,1.823107178,1576.3347,11.20003258,1.18886309,5885,0.2614006989,7398.75682,758.849752,39.34101998,1.326254538,0.2064911137,0.04694548022,5.025711297,0.6640172369,19836.1387,1.185990102,65.21781557,0.03055616176,0.9622811467,55.8857527,0.02426404424,8.045941807,64.92036753,0.09941863328,8.515500376,73.25267994,5067.624809,227362.9571,131.811118,0.02722962581,0.5452156382,41.50752743,0.01545987894,0.08618186617,6.070955939,11.60336907,182.3078101,0.2791850078,0.0001352275759,812.4614014
0.1901771719,122411205,36,3.130445237,146.1223568,6.664025317e-13,142.0,4.122356768,73,130,187,0.125,177,27.78913656,808495,114,8,0.001445870233,283,0.0511476595,183,0.03307428158,112,0.02024218326,54,0.009759624074,14,0.002530272908,8,0.001445870233,35,0.00632568227,192,0.0347008856,533,0.09633110428,0.1425989517,1014,0.1832640521,931,0.1682631484,614,0.1109705404,432,0.07807699259,331,0.0598228809,0.4167645048,241876,3.314148746,100.6766917,3.098724235,6.103018254,-9.166553493000001e-15,0.1030182541,200.47066,212.3680297,0.3333333333,1.588072318,6.611744366,0.6428870878,0.1189713338,0.5071165934,19.97340048,21.52078419,24.05523072,1.117767388,1491.064025,10.89289241,1.077472222,5414,0.7223214982,9474.032216,1235.254662,58.71457636,2.936830783,0.1314141809,0.02614882363,5.842951626,0.5257701488,12281.02,1.114248409,65.10677693,0.03456384181,0.9745781876,58.77840791,0.03033874457,8.886310905,36.24825986,0.08410269109,11.59496342,90.56148492,6017.431555,251082.4292,174.178096,0.03702944521,0.5420372237,50.69215017,0.01847179971,0.07789625881,6.033765496,12.83758701,120.4385151,0.2794397102,0.0002316975769,752.0770189
0.1739090366,385555301,31,3.923867488,150.6753822,-4.318120452e-13,148.0,2.675382189,51,148,184,0.1036789298,204,26.20381055,2483733,121,5,0.0003033244358,928,0.05629701529,577,0.03500363989,324,0.01965542344,181,0.01098034458,76,0.004610531424,39,0.002365930599,30,0.001819946615,113,0.006855132249,233,0.01413491871,0.03773355982,1696,0.1028876486,3238,0.1964329046,3720,0.2256733802,2836,0.17204562,1866,0.1132006794,0.2835726055,949962,3.05301213,99.51307597,3.867660297,7.303445766,2.707452747e-13,0.3034457656,199.5805896,214.8696711,0.1428571429,1.159217454,7.591398918,0.4761661649,0.1491166995,0.8553468684,18.53294648,34.01043291,48.46205631,1.424917361,3069.885557,15.62989861,1.835133607,15994,0.4828679675,9081.11453,643.9676421,24.39473813,2.607418608,0.1726329595,0.03724645548,5.447329145,0.5576067216,43592.10947,1.046919991,78.48693558,0.01947454711,0.9889098701,74.80371226,0.01841170993,8.839641434,80.34262948,0.08002253932,12.23623732,90.37549801,30971.66335,2043152.299,499.9683215,0.02714605138,0.5188830059,46.62669066,0.0152741467,0.06090754671,6.315554401,16.41832669,260.5099602,0.2594720719,5.070077395e-05,929.1030822
0.2783766785,66283619,57,2.592354366,146.1266921,-1.943054457e-13,153.0,-6.873307879,40,161,193,0.1945392491,215,40.67826319,420991,85,18,0.006247830614,360,0.1249566123,205,0.07115584866,100,0.03471017008,41,0.01423116973,15,0.005206525512,20,0.006942034016,76,0.02637972926,144,0.04998264491,159,0.05518917043,0.06178410274,171,0.05935439084,262,0.09094064561,277,0.09614717112,441,0.1530718501,414,0.1437001041,0.4108096469,183543,3.567990619,61.95035461,2.568366043,7.383200278,7.68130979e-14,-0.6167997223,205.6467365,221.0992908,0.3333333333,1.918152364,7.981734615,-0.3046260959,0.09737437623,0.707237501,12.59356332,19.16487557,21.97468323,1.146612361,955.4355084,8.71958382,1.521799279,2777,0.5507546418,28425.36257,2458.82767,-41.61777765,5.339216787,0.07602869795,0.01384344303,6.616076493,0.4429135327,6095.828291,1.13206945,93.9318588,0.03732578029,0.9703981198,77.88606297,0.0331689833,9.558528428,28.47157191,0.09522264852,10.42048747,101.7859532,801.9698997,59459.84281,24.0093756,0.04205240915,0.4644153947,49.96853607,0.01451732586,0.1037834085,6.122242371,9.635451505,63.74916388,0.213207906,0.0003990881231,829.6348764
0.2250631422,47336018,42,3.601467298,143.7285649,6.964035543e-14,138.0,5.728564878,65,132,187,0.1478873239,190,32.34800244,313472,107,9,0.004126547455,103,0.0472260431,51,0.02338376891,38,0.01742320037,22,0.010087116,17,0.007794589638,18,0.008253094911,24,0.01100412655,80,0.03668042182,230,0.1054562127,0.1407611188,396,0.181568088,301,0.1380100871,240,0.1100412655,185,0.08482347547,160,0.07336084365,0.4461354902,97665,3.404694935,91.0619469,3.482971503,6.111416781,1.0959494560000001e-14,0.1114167813,204.3155612,224.7,0.3333333333,1.668974501,6.691779843,0.7248136545,0.1124292349,0.5848923847,12.74601095,16.78473044,18.03283833,1.074359723,772.7725806,7.841893142,1.316861448,2020,0.6110032722,9741.643378,1577.701573,71.83298271,5.075019077,0.09407451619,0.02233584354,6.190908495,0.4735454977,4933.114036,1.133565621,67.63358713,0.03975228737,0.9705462354,60.07194803,0.0339051849,8.835294118,28.34705882,0.08337370242,11.80816609,89.87058824,832.35,30971.91765,26.36905988,0.04225545837,0.5253351799,50.21383241,0.02270514569,0.1558917928,5.982227149,6.414705882,91.60588235,0.2694290657,0.0006262965286,724.5983312
0.1720173085,95642262,37,3.11302855,168.3667989,3.162901738e-13,167.0,1.366798901,91,156,206,0.1104477612,164,28.96200359,551738,132,13,0.003967043027,246,0.07506866036,149,0.04546841623,92,0.02807445835,48,0.01464754348,30,0.009154714678,42,0.01281660055,20,0.006103143119,104,0.03173634422,204,0.06225205981,0.09673481843,300,0.09154714678,470,0.1434238633,489,0.1492218493,446,0.1361000915,307,0.09368324687,0.4018785499,188455,3.508309285,115.7,3.000712896,7.036618859,-8.132646220000001e-15,0.03661885871,219.4447659,235.5759494,0.2857142857,1.804422488,7.583428764,0.3184611204,0.1017648364,0.7079818841,13.6889167,19.50246615,23.13570721,1.186296494,1057.574088,9.173825369,1.42469025,3234,0.587259642,20903.66555,1956.142085,28.58174981,3.646598328,0.1002461638,0.01902688013,6.225038035,0.5017728367,6714.661973,1.189333885,86.40129555,0.03482785754,0.9618335853,72.44704863,0.02745403427,8.977198697,21.80130293,0.07101401606,15.35778629,95.94788274,2432.537459,148429.6645,52.4981402,0.05011083932,0.592144968,54.93035686,0.03175196329,0.09368324687,5.88252196,10.6742671,100.732899,0.3281201923,0.0003806063802,800.4501777
0.1476934465,491078379,20,7.372309596,120.9950347,1.3737707880000001e-14,120.0,0.9950347265,35,123,141,0.08333333333,220,17.87017368,3972025,101,14,0.0004264652126,188,0.00572681857,63,0.001919093457,27,0.0008224686243,21,0.0006396978189,17,0.0005178506153,21,0.0006396978189,28,0.0008529304252,163,0.004965273547,836,0.02546606555,0.09979285975,9451,0.2878944803,11848,0.3609114171,4800,0.1462166443,1492,0.04544900695,583,0.01775922993,0.2296126772,1143251,2.365107737,83.55357143,6.998660843,5.751644937,-9.250615789000001e-14,-0.2483550628,152.1748946,167.6412371,0.09090909091,0.7590939906,5.901312087,0.7591870263,0.2475715334,0.7019288527,32.39046109,38.60131064,49.64538928,1.286106312,4925.102503,19.79715142,1.19174934,32501,0.4199066423,2765.227161,179.280043,6.921013813,0.9392464517,0.4502917142,0.1042605869,4.003259396,0.7300030381,93518.36735,1.324305468,64.01946552,0.03335453338,0.9405671022,47.31717764,0.02400695896,7.723091076,115.9365225,0.1066573344,7.30602614,66.95216191,207740.3201,9408685.08,4757.37766,0.03086721987,0.5229953627,36.84760448,0.01524507752,0.03311197758,6.11163395,30.20055198,281.4213431,0.2588972798,1.846663613e-05,846.7252172
0.1859444042,297671502,29,5.077369005,136.1182304,2.114685728e-12,134.0,2.118230408,61,135,167,0.1078066914,194,25.31042325,2113780,107,39,0.002511430227,302,0.01944748535,169,0.01088286432,116,0.007469895035,55,0.003541760577,28,0.001803078112,51,0.00328417799,149,0.009594951381,432,0.02781891944,1276,0.08216884539,0.1564170262,3189,0.2053577178,3375,0.2173353081,2287,0.1472728444,1068,0.06877455084,564,0.03631914483,0.3685062017,573160,3.045199674,89.06314244,4.883130764,5.700560242,5.008408882e-13,-0.2994397579,181.1329536,202.8723404,0.2727272727,1.189687019,6.075278508,0.7790632008,0.1498140279,0.6448103245,26.96780352,29.69371257,37.0226038,1.246816265,3009.316706,15.4749415,1.101080129,15523,0.7381330791,5461.939402,828.6301969,33.43654341,1.922356193,0.1961973776,0.04575884887,5.19275444,0.6290072445,35162.65334,1.176072731,59.76194051,0.03964920974,0.9633718313,50.32183161,0.03390659095,8.648011782,54.84977909,0.0807802343,12.25460209,87.04270987,44302.60825,1858502.672,1218.697249,0.04845040764,0.5536012419,48.65312967,0.02694747249,0.04372464421,6.172914456,22.87039764,195.1060383,0.2873432081,6.684315084e-05,760.381721
0.09851964637,6148323,14,2.991728887,115.6857143,-2.1737922820000002e-14,117.0,-1.314285714,80,120,129,0.06034482759,68,11.39731566,52637,98,3,0.006593406593,58,0.1274725275,40,0.08791208791,18,0.03956043956,5,0.01098901099,3,0.006593406593,2,0.004395604396,1,0.002197802198,9,0.01978021978,25,0.05494505495,0.05054945055,24,0.05274725275,34,0.07472527473,61,0.1340659341,64,0.1406593407,85,0.1868131868,0.3399506931,31539,3.394400129,90.33333333,2.947520891,7.883516484,8.69048423e-15,-0.1164835165,132.2722295,136.75,0.25,1.582662023,8.325652138,-0.4019945513,0.1127641589,0.7079636039,7.254073407,9.911737527,12.00626911,1.211318306,284.8238905,4.760836591,1.366368517,452,0.5389489387,14318.87979,1276.630922,-54.67192684,3.596435757,0.1178220043,0.02894036498,5.899189077,0.5019247159,1098.658098,1.808186672,163.6598774,0.0383472864,0.8644711401,74.90178614,0.02352303347,9.086956522,7.695652174,0.08364839319,11.79678639,94.36956522,127.576087,11926.0,1.776140202,0.03355942818,0.5674216138,59.63519402,0.01433693737,0.2021978022,5.382956554,4.945652174,28.02173913,0.304584121,0.002076506722,952.0910365
0.08632831564,141032486,11,9.101169005,140.2783244,-7.252849494e-14,141.0,-0.7216755693,55,142,153,0.03886925795,128,12.10999147,997940,128,7,0.0009839752601,2549,0.3583075626,1889,0.2655327523,716,0.1006466123,168,0.02361540624,33,0.004638740512,6,0.0008434073658,4,0.0005622715772,11,0.001546246837,17,0.002389654203,0.004217036829,49,0.00688782682,93,0.01307281417,148,0.02080404836,310,0.04357604723,1084,0.1523755974,0.1524790438,742933,2.486616779,104.3264095,8.662729656,10.10247399,1.346705211e-13,0.1024739949,157.4025105,162.1170886,0.04761904762,0.7652532169,10.21922343,-1.448950436,0.2353971219,0.874013447,16.19341899,21.7322106,38.60759783,1.776514987,1788.792774,11.9309516,1.342039665,7114,0.5248280261,9250.07697,348.7414865,-21.54329262,1.943356625,0.254065883,0.07934379841,4.507408614,0.6403521114,24875.93179,1.318259734,167.8988327,0.01304979609,0.9401117959,118.7824519,0.01007102303,9.355742297,34.37254902,0.09628164991,10.29641661,97.82633053,29683.17087,3891103.104,229.0959217,0.03043272903,0.5668083498,52.83674162,0.01985199219,0.05018273826,5.80403619,19.92717087,107.9747899,0.3024503919,5.238376775e-05,1533.705687
0.3431249314,260370156,56,3.389069801,127.1351651,-1.787140208e-12,124.0,3.13516514,1,96,183,0.2258064516,254,43.62324482,1832272,76,79,0.005481543158,1110,0.07701915071,598,0.04149320011,425,0.02948931446,282,0.01956702748,200,0.01387732445,250,0.01734665556,71,0.00492645018,153,0.01061615321,419,0.02907299473,0.07493755204,1822,0.1264224258,2103,0.1459200666,2021,0.1402303636,1882,0.1305856231,1917,0.1330141549,0.3700475333,905412,3.450959651,45.96121884,3.253369045,7.433527616,-4.454357751e-13,0.4335276159,208.1461394,232.5098592,0.2857142857,1.653399926,7.926126446,0.3963355925,0.1077127265,0.8548790464,23.30981618,25.16418289,46.6807668,1.855047987,2854.015416,15.07034607,1.079553039,14337,0.5322838133,23448.36153,2592.535121,54.92980008,2.475503434,0.1081367701,0.02536363182,5.894467851,0.59131971,27451.36218,1.073755804,83.60923072,0.02707480408,0.9832367172,76.8436489,0.02533242747,7.625,56.03125,0.09727647569,9.873263889,68.01388889,27507.76042,1951607.043,475.0803392,0.03953081966,0.5092200156,32.68163296,0.01562212641,0.03996669442,6.131312362,25.02083333,142.0694444,0.246648341,7.909015415e-05,861.4383087
0.2383291447,47966990,44,3.234908808,148.3305865,-1.833978652e-13,154.0,-5.669413476,38,170,188,0.1447368421,217,35.35150182,306006,96,18,0.008725157538,291,0.1410567135,159,0.07707222492,50,0.02423654872,11,0.005332040717,3,0.001454192923,2,0.0009694619486,42,0.02035870092,43,0.0208434319,73,0.03538536112,0.0508967523,117,0.05671352399,164,0.07949587979,271,0.131362094,389,0.188560349,325,0.1575375667,0.3434259219,134316,3.340771777,62.36893204,3.217132948,7.63160446,4.9819791750000004e-14,-0.3683955405,197.6808846,207.7640449,0.25,1.513499984,8.068898658,-0.6700252122,0.1183887853,0.7370047882,13.26337959,14.21256911,20.31369679,1.429276905,768.9422234,7.82243427,1.07156468,2005,0.8896536708,18398.3392,1817.363,-82.77591012,3.978019998,0.1013575986,0.02161774462,6.121003081,0.4889402628,4842.433561,1.254195065,103.4347826,0.03815894405,0.955711999,75.3668304,0.03187913415,8.47311828,15.6344086,0.08405596023,11.23852468,83.03225806,1857.026882,164992.2957,25.67583616,0.04683978038,0.541931316,47.80644394,0.02303718176,0.09015996122,5.728644871,11.09139785,51.13978495,0.2749450804,0.0004454598828,923.2442532
0.5821346475,163953119,93,2.299815892,103.0171592,-6.086122737e-13,98.0,5.017159199,0,82,188,0.4626865672,255,59.96985766,1188715,25,674,0.0584106075,714,0.0618771124,540,0.0467978161,437,0.03787156599,288,0.02495883525,165,0.0142993327,139,0.01204610452,865,0.07496316839,899,0.07790969755,995,0.0862293093,0.08397608112,1205,0.10442846,1110,0.09619551088,909,0.07877632377,827,0.07166998873,803,0.0695900858,0.6283772553,573472,3.836906864,7.317604356,2.280693487,5.969148106,-2.141126536e-13,-0.03085189358,208.1503663,227.746114,0.5,2.497586507,7.049722505,0.3109505919,0.07435821987,0.6824686157,22.25250443,28.05972427,34.18726303,1.218374874,2417.506359,13.87007727,1.260969271,11177,0.386284072,70274.59641,6376.193828,121.7900827,3.387745256,0.06127717494,0.01445363468,6.519409523,0.5485846207,17040.25054,1.059392449,65.68203095,0.1088320863,0.9872443292,61.92064121,0.09133713556,7.303210464,74.45778835,0.08853482562,10.82007293,64.156956,4605.739596,227955.0713,477.9582323,0.06094950895,0.5087275948,32.2360016,0.02687562831,0.07288326545,6.341319032,13.72057075,207.0618312,0.2462090739,0.0001830162012,564.3378392
0.1219353863,1358515665,29,3.682196936,188.096498,9.451467258000001e-14,189.0,-0.9035020484,55,188,217,0.07692307692,200,22.93561914,7116631,158,4,0.0001057222149,8844,0.2337518171,8204,0.2168362627,4299,0.1136249504,2535,0.06700145368,744,0.01966433197,343,0.009065679926,7,0.000185013876,17,0.0004493194132,46,0.001215805471,0.00227302762,197,0.005206819083,693,0.01831637373,2070,0.0547112462,3345,0.08841020219,6401,0.1691819744,0.1828760319,4013283,2.917177524,135.5902233,3.61295782,10.13117484,5.673765908e-13,0.1311748381,226.1386996,236.2875318,0.1,0.9847712773,10.2991889,-0.2487265266,0.1593282909,0.6911013041,28.98589664,46.79525315,50.95671473,1.088929139,5291.066012,20.51949451,1.614414545,36190,0.3824043309,15733.87471,456.4955353,-7.902036623,1.314060721,0.2504472714,0.05124913934,4.906149117,0.6593632539,94172.07971,1.061597741,135.0094154,0.009879786185,0.9860101159,124.7813122,0.009282094654,10.26914968,135.373858,0.09513271823,8.799659642,114.2550949,123104.8735,15833826.35,984.7943516,0.01598107687,0.5302778401,57.9067404,0.009723841375,0.03761067794,6.24217528,26.58819396,379.1011947,0.2664098346,1.481970999e-05,1483.9339
0.2778391725,46870441,26,5.928597873,106.6294748,2.120376864e-13,102.0,4.629474784,28,98,141,0.1238095238,227,29.62584503,408071,74,38,0.009929448654,51,0.0133263653,24,0.006271230729,29,0.007577737131,23,0.006009929449,14,0.003658217925,2,0.0005226025608,89,0.02325581395,206,0.05382806376,291,0.07603867259,0.2377841651,1146,0.2994512673,452,0.1181081787,313,0.08178730076,170,0.04442121766,69,0.01802978835,0.4185306562,114081,2.940862027,49.21383648,5.808320205,5.036582179,1.031187446e-13,0.03658217925,160.0159259,191.8742857,0.2,0.8561869304,5.45980873,1.013708905,0.1787922774,0.8394298713,10.37872547,13.47255839,21.75820451,1.615001685,659.6212553,7.245066713,1.298093723,1593,0.4659722908,3136.892133,1329.820403,57.53088618,1.638198862,0.1991576736,0.0743707158,4.857554769,0.6799327129,10973.29484,1.229951038,51.05844448,0.05599236819,0.9561258252,42.05583146,0.04660773115,7.276485788,41.67183463,0.1076791592,8.003658968,60.95090439,2337.878553,75149.25581,82.69253301,0.03780872949,0.4442506036,28.90778533,0.01362059532,0.1011235955,6.263683201,9.888888889,75.09302326,0.1940388198,0.0002537433274,704.2241305
0.3200103282,103533041,93,1.933631599,164.469182,1.661916892e-13,174.0,-9.530817972,22,217,226,0.282674772,233,52.63183692,571037,92,5,0.001440092166,246,0.07085253456,292,0.08410138249,440,0.1267281106,528,0.1520737327,230,0.06624423963,94,0.02707373272,29,0.008352534562,54,0.01555299539,115,0.03312211982,0.05616359447,300,0.08640552995,289,0.08323732719,231,0.06653225806,221,0.06365207373,203,0.05846774194,0.3896071907,342964,3.679414606,62.16763006,1.928588222,9.2609447,1.408131164e-13,-0.7390552995,235.5309917,245.7214286,0.3333333333,2.70790595,9.938810488,-0.327611614,0.08725697615,0.9141574208,11.02097594,16.8094243,33.57733645,1.997530424,1062.582429,9.195521901,1.525221032,3257,0.51499659,57888.25448,4471.664399,-121.1672388,2.965720057,0.06765168319,0.02105610399,6.225008958,0.555377604,5646.563486,1.128875047,131.9360095,0.02212327597,0.9719016046,109.7868804,0.02038229763,9.382352941,28.22994652,0.07548114044,13.64257628,101.671123,1585.481283,243807.6631,15.78673164,0.03649726978,0.5091706296,48.76271531,0.02499379142,0.107718894,6.159399345,9.28342246,93.54010695,0.2501072378,0.0003018942998,1171.53393
0.5003811151,865111811,144,1.38678146,143.8389701,8.483718358e-12,122.0,21.83897013,0,229,233,0.4768211921,255,71.97430426,4810119,60,166,0.004963966389,615,0.01839059837,681,0.02036422356,1556,0.04652970904,3440,0.1028677372,7174,0.2145270775,1145,0.03423940672,499,0.01492180258,1081,0.03232558835,2309,0.06904697826,0.1307377172,4497,0.1344756437,2702,0.08079901917,1620,0.04844352741,994,0.02972399151,590,0.01764301307,0.5290338863,3109093,3.493176771,32.25675676,1.398371402,8.523040579,-2.132055976e-12,1.523040579,238.0403067,243.3111269,0.5294117647,3.978316145,9.642224269,0.07225106581,0.1119997327,0.6946034109,32.7591475,38.22207584,49.18778901,1.286894757,4899.509994,19.74564806,1.166760394,32248,0.5739746674,27415.83863,8635.659486,9.133024512,1.757371041,0.0468181487,0.05836131685,5.3302277,0.7183404373,41337.38582,1.396602917,158.2368701,0.04515430514,0.945446259,76.51525478,0.03776038758,7.470641373,90.12556459,0.08141424082,12.33766562,68.14814815,96471.02891,14164616.46,1550.373591,0.05758519381,0.5417591592,36.78936566,0.02551733178,0.03310307706,6.300372702,30.20867209,307.234869,0.2775382737,2.520838118e-05,1190.394173
0.09482903386,1926872,13,3.196597666,128.8695652,-7.414358982e-15,129.0,-0.1304347826,93,128,144,0.05019305019,64,12.22057636,14820,110,1,0.008695652174,14,0.1217391304,8,0.06956521739,7,0.06086956522,1,0.008695652174,3,0.02608695652,4,0.0347826087,1,0.008695652174,2,0.01739130435,3,0.02608695652,0.05217391304,9,0.07826086957,4,0.0347826087,14,0.1217391304,18,0.1565217391,20,0.1739130435,0.3641578244,8992,3.512416058,99.75,3.102725499,8.313043478,3.398247867e-16,0.3130434783,150.7027038,154.3333333,0.1764705882,1.7354,8.84258471,-0.1186887051,0.1060869565,0.9571487132,2.707148648,2.911106144,9.693736825,3.329915278,56.56191681,2.121568836,1.075340339,40,0.7750831418,26121.59823,2175.971049,-42.58694839,9.433808554,0.05282018062,0.01697977028,6.470968898,0.3660549854,298.1940928,1.305203938,127.8164557,0.0304927948,0.9401566651,95.56849703,0.02452994027,9.676923077,6.353846154,0.09775147929,10.92639053,104.5692308,5.0,483.3076923,0.09330044182,0.0314260451,0.7006900401,75.27108948,0.02622166578,0.5652173913,4.61403243,1.769230769,29.8,0.4584615385,0.008366678792,864.298234
0.2379580603,31130246,41,4.161265549,151.6580796,-1.20209853e-13,159.0,-7.341920375,13,164,190,0.1318327974,227,36.08826245,194274,102,4,0.0031225605,289,0.2256049961,228,0.1779859485,145,0.1131928181,48,0.037470726,11,0.008587041374,4,0.0031225605,12,0.009367681499,11,0.008587041374,20,0.0156128025,0.02732240437,35,0.02732240437,54,0.04215456674,80,0.06245120999,129,0.1007025761,176,0.137392662,0.274712093,118583,3.241041227,55.296875,4.153722199,9.277907884,-1.0633180520000001e-14,-0.7220921155,197.4499789,207.2063492,0.1578947368,1.347271616,9.621364141,-1.019158938,0.133479711,0.8903858083,5.235777492,8.375095974,14.54711494,1.736949043,232.799353,4.304135673,1.599589743,334,0.5220992646,21197.80723,2225.040999,-120.8425081,3.030656109,0.1160477783,0.02931108085,5.841148794,0.5484329662,3516.600736,1.186529994,134.9646286,0.02001725314,0.9655046239,106.854296,0.01819202889,10.04888889,22.60888889,0.1004839506,9.006498765,109.9866667,116.9288889,13726.25778,1.358411157,0.02107605594,0.455887683,49.5876501,0.007617489967,0.1756440281,6.120622506,5.693333333,45.48,0.2021333333,0.0005344015245,1223.575856
